State,Data Acquisition Time,TDS
Andhra Pradesh,04-06-2018 08:30,1060
Andhra Pradesh,10-06-2018 08:30,1180
Andhra Pradesh,04-08-2019 08:30,1124
Andhra Pradesh,10-07-2019 08:30,892
Andhra Pradesh,04-04-2019 08:30,1298
Andhra Pradesh,16-10-2019 08:30,1786
Andhra Pradesh,04-12-2019 08:30,1887
Andhra Pradesh,14-10-2019 08:30,1560
Andhra Pradesh,04-06-2018 08:30,560
Andhra Pradesh,10-04-2018 08:30,780
Andhra Pradesh,04-08-2019 08:30,780
Andhra Pradesh,10-10-2019 08:30,706
Andhra Pradesh,14-10-2019 08:30,1092
Andhra Pradesh,24-06-2019 08:30,3520
Andhra Pradesh,10-11-2019 08:30,1098
Andhra Pradesh,27-04-2018 08:30,2840
Andhra Pradesh,19-10-2018 08:30,1860
Andhra Pradesh,04-04-2019 08:30,1852
Andhra Pradesh,17-10-2019 08:30,1238
Andhra Pradesh,15-10-2019 08:30,1720
Andhra Pradesh,04-11-2018 08:30,1224
Andhra Pradesh,10-09-2018 08:30,1225
Andhra Pradesh,04-08-2019 08:30,1322
Andhra Pradesh,16-10-2019 08:30,1127
Andhra Pradesh,25-04-2018 08:30,3891
Andhra Pradesh,10-09-2018 08:30,3891
Andhra Pradesh,04-08-2019 08:30,4732
Andhra Pradesh,10-05-2019 08:30,4326
Andhra Pradesh,14-10-2019 08:30,618
Andhra Pradesh,15-04-2019 08:30,620
Andhra Pradesh,10-10-2019 08:30,904
Andhra Pradesh,10-02-2019 08:30,220
Andhra Pradesh,05-08-2018 08:30,1289
Andhra Pradesh,10-10-2018 08:30,2182
Andhra Pradesh,06-06-2019 08:30,3980
Andhra Pradesh,07-11-2019 08:30,4510
Andhra Pradesh,08-06-2019 08:30,5300
Andhra Pradesh,10-10-2019 08:30,6200
Andhra Pradesh,11-06-2019 08:30,5920
Andhra Pradesh,12-09-2019 08:30,5940
Andhra Pradesh,20-04-2018 08:30,920
Andhra Pradesh,24-10-2018 08:30,1090
Andhra Pradesh,20-04-2019 08:30,1160
Andhra Pradesh,10-09-2019 08:30,1115
Andhra Pradesh,05-10-2018 08:30,1197
Andhra Pradesh,10-05-2018 08:30,1198
Andhra Pradesh,10-04-2019 08:30,1058
Andhra Pradesh,05-10-2018 08:30,1463
Andhra Pradesh,10-05-2018 08:30,1526
Andhra Pradesh,10-04-2019 08:30,1556
Andhra Pradesh,05-10-2018 08:30,1724
Andhra Pradesh,10-05-2018 08:30,2022
Andhra Pradesh,10-04-2019 08:30,2159
Andhra Pradesh,05-10-2018 08:30,901
Andhra Pradesh,10-05-2018 08:30,1096
Andhra Pradesh,10-04-2019 08:30,712
Andhra Pradesh,05-10-2018 08:30,499
Andhra Pradesh,10-05-2018 08:30,460
Andhra Pradesh,10-04-2019 08:30,520
Andhra Pradesh,05-10-2018 08:30,1896
Andhra Pradesh,10-05-2018 08:30,1930
Andhra Pradesh,10-04-2019 08:30,1859
Andhra Pradesh,05-08-2018 08:30,1098
Andhra Pradesh,10-10-2018 08:30,1238
Andhra Pradesh,17-04-2019 08:30,1224
Andhra Pradesh,19-10-2019 08:30,2376
Andhra Pradesh,22-04-2018 08:30,282
Andhra Pradesh,10-08-2018 08:30,254
Andhra Pradesh,04-03-2019 08:30,188
Andhra Pradesh,18-10-2019 08:30,212
Andhra Pradesh,27-05-2019 08:30,692
Andhra Pradesh,16-10-2019 08:30,780
Andhra Pradesh,04-11-2018 08:30,431
Andhra Pradesh,10-09-2018 08:30,538
Andhra Pradesh,04-08-2019 08:30,481
Andhra Pradesh,16-10-2019 08:30,501
Andhra Pradesh,24-04-2018 08:30,2859
Andhra Pradesh,10-06-2018 08:30,3510
Andhra Pradesh,10-09-2019 08:30,3287
Andhra Pradesh,23-04-2018 08:30,816
Andhra Pradesh,24-10-2018 08:30,1408
Andhra Pradesh,30-04-2019 08:30,1378
Andhra Pradesh,10-10-2019 08:30,1334
Andhra Pradesh,04-06-2018 08:30,1290
Andhra Pradesh,10-08-2018 08:30,546
Andhra Pradesh,04-03-2019 08:30,560
Andhra Pradesh,10-10-2019 08:30,950
Andhra Pradesh,05-10-2018 08:30,1274
Andhra Pradesh,10-05-2018 08:30,1252
Andhra Pradesh,10-04-2019 08:30,1482
Andhra Pradesh,10-05-2018 08:30,1420
Andhra Pradesh,10-09-2019 08:30,9064
Andhra Pradesh,04-10-2018 08:30,990
Andhra Pradesh,24-10-2018 08:30,1324
Andhra Pradesh,20-04-2019 08:30,980
Andhra Pradesh,10-10-2019 08:30,1164
Andhra Pradesh,18-06-2019 08:30,1880
Andhra Pradesh,21-10-2019 08:30,1850
Andhra Pradesh,10-11-2019 08:30,2318
Andhra Pradesh,27-06-2019 08:30,470
Andhra Pradesh,10-09-2019 08:30,580
Andhra Pradesh,05-10-2018 08:30,1196
Andhra Pradesh,10-04-2018 08:30,4542
Andhra Pradesh,10-05-2019 08:30,2210
Andhra Pradesh,04-02-2018 08:30,768
Andhra Pradesh,10-04-2018 08:30,946
Andhra Pradesh,10-03-2019 08:30,1072
Andhra Pradesh,04-06-2018 08:30,760
Andhra Pradesh,10-04-2018 08:30,656
Andhra Pradesh,10-10-2019 08:30,710
Andhra Pradesh,04-02-2018 08:30,932
Andhra Pradesh,10-04-2018 08:30,924
Andhra Pradesh,10-03-2019 08:30,1019
Andhra Pradesh,05-07-2018 08:30,1863
Andhra Pradesh,04-04-2019 08:30,272
Andhra Pradesh,10-10-2019 08:30,1874
Andhra Pradesh,24-06-2019 08:30,1700
Andhra Pradesh,14-10-2019 08:30,1812
Andhra Pradesh,28-04-2018 08:30,1480
Andhra Pradesh,19-10-2018 08:30,1790
Andhra Pradesh,04-03-2019 08:30,3024
Andhra Pradesh,10-04-2019 08:30,2480
Andhra Pradesh,28-04-2018 08:30,1580
Andhra Pradesh,16-10-2018 08:30,1410
Andhra Pradesh,04-03-2019 08:30,1604
Andhra Pradesh,10-04-2019 08:30,668
Andhra Pradesh,04-11-2018 08:30,740
Andhra Pradesh,10-10-2018 08:30,1120
Andhra Pradesh,04-07-2019 08:30,708
Andhra Pradesh,14-10-2019 08:30,1796
Andhra Pradesh,28-04-2018 08:30,1460
Andhra Pradesh,16-10-2018 08:30,1260
Andhra Pradesh,04-03-2019 08:30,1492
Andhra Pradesh,10-05-2019 08:30,1560
Andhra Pradesh,04-08-2018 08:30,344
Andhra Pradesh,10-04-2018 08:30,364
Andhra Pradesh,04-08-2019 08:30,388
Andhra Pradesh,10-10-2019 08:30,1868
Andhra Pradesh,20-04-2018 08:30,820
Andhra Pradesh,24-10-2018 08:30,1174
Andhra Pradesh,20-04-2019 08:30,1180
Andhra Pradesh,10-10-2019 08:30,1128
Andhra Pradesh,04-10-2018 08:30,540
Andhra Pradesh,10-04-2018 08:30,478
Andhra Pradesh,10-10-2019 08:30,496
Assam,23-04-2018 08:30,348
Assam,29-10-2018 08:30,134
Assam,29-04-2019 08:30,348
Assam,29-10-2019 08:30,170
Assam,04-02-2018 08:30,98
Assam,25-10-2018 08:30,60
Assam,04-04-2019 08:30,62
Assam,29-10-2019 08:30,70
Assam,23-04-2018 08:30,268
Assam,29-10-2018 08:30,28
Assam,04-08-2019 08:30,272
Assam,21-10-2019 08:30,90
Assam,04-09-2018 08:30,146
Assam,10-03-2018 08:30,220
Assam,04-01-2019 08:30,150
Assam,10-10-2019 08:30,154
Assam,24-04-2018 08:30,804
Assam,30-10-2018 08:30,64
Assam,25-04-2019 08:30,36
Assam,30-10-2019 08:30,62
Assam,23-04-2018 08:30,160
Assam,10-11-2018 08:30,146
Assam,04-09-2019 08:30,268
Assam,21-10-2019 08:30,120
Assam,18-04-2018 08:30,146
Assam,10-05-2018 08:30,118
Assam,04-03-2019 08:30,120
Assam,29-10-2019 08:30,162
Assam,25-04-2018 08:30,154
Assam,10-03-2018 08:30,340
Assam,04-02-2019 08:30,210
Assam,10-03-2019 08:30,30
Assam,05-09-2018 08:30,70
Assam,19-11-2018 08:30,62
Assam,05-08-2019 08:30,56
Assam,11-06-2019 08:30,70
Assam,26-06-2019 08:30,124
Assam,17-06-2019 08:30,84
Assam,14-06-2019 08:30,80
Assam,23-04-2018 08:30,218
Assam,29-10-2018 08:30,288
Assam,29-04-2019 08:30,218
Assam,29-10-2019 08:30,152
Assam,15-05-2018 08:30,154
Assam,20-11-2018 08:30,118
Assam,05-09-2019 08:30,280
Assam,18-11-2019 08:30,44
Assam,04-10-2018 08:30,116
Assam,30-10-2018 08:30,154
Assam,25-04-2019 08:30,90
Assam,23-10-2019 08:30,92
Assam,23-04-2018 08:30,164
Assam,10-11-2018 08:30,156
Assam,04-09-2019 08:30,264
Assam,21-10-2019 08:30,138
Assam,06-12-2019 08:30,132
Assam,04-09-2018 08:30,276
Assam,22-10-2018 08:30,182
Assam,25-04-2019 08:30,168
Assam,22-10-2019 08:30,112
Assam,24-04-2018 08:30,504
Assam,30-10-2018 08:30,430
Assam,25-04-2019 08:30,444
Assam,23-10-2019 08:30,34
Assam,30-11-2019 08:30,70
Assam,18-12-2019 08:30,64
Assam,14-05-2018 08:30,110
Assam,19-11-2018 08:30,166
Assam,20-05-2019 08:30,126
Assam,22-11-2019 08:30,130
Assam,05-07-2018 08:30,164
Assam,16-11-2018 08:30,156
Assam,15-05-2019 08:30,110
Assam,04-02-2018 08:30,214
Assam,25-10-2018 08:30,200
Assam,04-04-2019 08:30,180
Assam,29-10-2019 08:30,126
Assam,24-05-2018 08:30,76
Assam,26-11-2018 08:30,76
Assam,20-05-2019 08:30,78
Assam,26-11-2019 08:30,80
Assam,28-06-2018 08:30,160
Assam,28-11-2018 08:30,20
Assam,22-05-2019 08:30,54
Assam,28-11-2019 08:30,90
Assam,24-04-2018 08:30,116
Assam,30-10-2018 08:30,112
Assam,24-04-2019 08:30,116
Assam,30-10-2019 08:30,110
Assam,04-02-2018 08:30,186
Assam,10-03-2018 08:30,410
Assam,25-04-2019 08:30,552
Assam,11-05-2019 08:30,28
Assam,05-03-2018 08:30,160
Assam,20-11-2018 08:30,222
Assam,05-02-2019 08:30,242
Assam,11-05-2019 08:30,122
Assam,24-04-2018 08:30,82
Assam,30-10-2018 08:30,72
Assam,24-04-2019 08:30,70
Assam,30-10-2019 08:30,68
Assam,15-05-2018 08:30,132
Assam,20-11-2018 08:30,342
Assam,05-09-2019 08:30,290
Assam,18-11-2019 08:30,44
Assam,04-09-2018 08:30,68
Assam,22-10-2018 08:30,180
Assam,25-04-2019 08:30,160
Assam,22-10-2019 08:30,104
Assam,04-10-2018 08:30,146
Assam,30-10-2018 08:30,74
Assam,25-04-2019 08:30,80
Assam,23-10-2019 08:30,82
Assam,16-05-2018 08:30,112
Assam,16-11-2018 08:30,178
Assam,20-05-2019 08:30,166
Assam,23-04-2018 08:30,136
Assam,29-10-2018 08:30,92
Assam,04-08-2019 08:30,128
Assam,21-10-2019 08:30,120
Assam,05-03-2018 08:30,174
Assam,11-02-2018 08:30,160
Assam,05-02-2019 08:30,174
Assam,11-05-2019 08:30,26
Assam,18-05-2018 08:30,96
Assam,28-11-2018 08:30,68
Assam,28-05-2019 08:30,256
Assam,28-11-2019 08:30,48
Assam,04-09-2018 08:30,210
Assam,23-10-2018 08:30,178
Assam,04-08-2019 08:30,198
Assam,22-10-2019 08:30,198
Assam,04-09-2018 08:30,325
Assam,23-10-2018 08:30,176
Assam,04-08-2019 08:30,208
Assam,22-10-2019 08:30,206
Assam,06-03-2019 08:30,170
Assam,20-04-2018 08:30,154
Assam,11-02-2018 08:30,156
Assam,25-04-2019 08:30,218
Assam,29-10-2019 08:30,108
Assam,04-03-2018 08:30,120
Assam,10-08-2018 08:30,122
Assam,04-03-2019 08:30,180
Assam,10-03-2019 08:30,110
Assam,18-04-2018 08:30,168
Assam,25-10-2018 08:30,146
Assam,23-04-2019 08:30,138
Assam,29-10-2019 08:30,160
Assam,19-04-2018 08:30,44
Assam,10-09-2018 08:30,118
Assam,04-04-2019 08:30,70
Assam,21-10-2019 08:30,84
Assam,15-05-2018 08:30,206
Assam,20-11-2018 08:30,214
Assam,05-09-2019 08:30,190
Assam,18-11-2019 08:30,26
Assam,26-06-2019 08:30,228
Assam,05-03-2018 08:30,124
Assam,20-11-2018 08:30,146
Assam,05-02-2019 08:30,116
Assam,11-05-2019 08:30,26
Assam,15-05-2018 08:30,194
Assam,20-11-2018 08:30,62
Assam,05-09-2019 08:30,200
Assam,18-11-2019 08:30,26
Assam,21-05-2018 08:30,72
Assam,26-11-2018 08:30,92
Assam,20-05-2019 08:30,66
Assam,26-11-2019 08:30,92
Assam,21-05-2018 08:30,140
Assam,26-11-2018 08:30,146
Assam,20-05-2019 08:30,114
Assam,26-11-2019 08:30,18
Assam,17-05-2018 08:30,80
Assam,27-11-2018 08:30,78
Assam,27-05-2019 08:30,52
Assam,05-09-2018 08:30,112
Assam,19-11-2018 08:30,124
Assam,27-05-2019 08:30,160
Assam,19-11-2019 08:30,82
Assam,04-09-2018 08:30,210
Assam,10-03-2018 08:30,170
Assam,04-01-2019 08:30,150
Assam,10-10-2019 08:30,152
Assam,24-04-2018 08:30,98
Assam,30-10-2018 08:30,84
Assam,24-04-2019 08:30,98
Assam,30-10-2019 08:30,94
Assam,24-04-2018 08:30,98
Assam,30-10-2018 08:30,98
Assam,24-04-2019 08:30,80
Assam,30-10-2019 08:30,78
Assam,18-04-2018 08:30,146
Assam,29-10-2018 08:30,142
Assam,23-04-2019 08:30,134
Assam,28-10-2019 08:30,164
Assam,04-02-2018 08:30,92
Assam,25-10-2018 08:30,50
Assam,04-04-2019 08:30,60
Assam,29-10-2019 08:30,60
Assam,04-09-2018 08:30,152
Assam,10-03-2018 08:30,128
Assam,04-01-2019 08:30,156
Assam,10-10-2019 08:30,156
Assam,25-06-2018 08:30,160
Assam,26-11-2018 08:30,90
Assam,20-05-2019 08:30,120
Assam,04-02-2018 08:30,102
Assam,10-03-2018 08:30,102
Assam,04-02-2019 08:30,98
Assam,10-03-2019 08:30,104
Assam,05-09-2018 08:30,166
Assam,19-11-2018 08:30,220
Assam,27-05-2019 08:30,208
Assam,28-11-2019 08:30,30
Assam,19-06-2019 08:30,56
Assam,17-06-2019 08:30,68
Assam,04-09-2018 08:30,83
Assam,10-08-2018 08:30,68
Assam,04-04-2019 08:30,72
Assam,10-03-2019 08:30,128
Assam,19-04-2018 08:30,286
Assam,10-09-2018 08:30,292
Assam,04-04-2019 08:30,32
Assam,21-10-2019 08:30,92
Assam,19-04-2018 08:30,274
Assam,10-09-2018 08:30,94
Assam,04-04-2019 08:30,272
Assam,21-10-2019 08:30,92
Assam,19-04-2018 08:30,208
Assam,10-09-2018 08:30,214
Assam,04-04-2019 08:30,32
Assam,21-10-2019 08:30,30
Bihar,04-03-2018 08:30,162
Bihar,10-05-2018 08:30,148
Bihar,22-04-2019 08:30,156
Bihar,10-06-2019 08:30,262
Bihar,04-04-2018 08:30,160
Bihar,10-05-2018 08:30,154
Bihar,22-04-2019 08:30,134
Bihar,10-07-2019 08:30,328
Bihar,04-03-2018 08:30,166
Bihar,10-05-2018 08:30,146
Bihar,22-04-2019 08:30,126
Bihar,17-10-2019 08:30,282
Bihar,04-03-2018 08:30,178
Bihar,10-05-2018 08:30,136
Bihar,20-04-2019 08:30,144
Bihar,10-07-2019 08:30,320
Bihar,04-12-2018 08:30,130
Bihar,30-12-2019 08:30,412
Bihar,24-04-2018 08:30,148
Bihar,26-10-2018 08:30,126
Bihar,04-12-2018 08:30,128
Bihar,10-08-2018 08:30,172
Bihar,30-10-2019 08:30,432
Bihar,20-04-2018 08:30,136
Bihar,23-10-2018 08:30,112
Bihar,04-05-2018 08:30,180
Bihar,10-12-2018 08:30,182
Bihar,14-04-2018 08:30,138
Bihar,10-10-2018 08:30,168
Bihar,19-10-2019 08:30,280
Bihar,17-04-2018 08:30,140
Bihar,14-10-2018 08:30,136
Bihar,24-10-2019 08:30,606
Bihar,16-04-2018 08:30,142
Bihar,13-10-2018 08:30,166
Bihar,25-10-2019 08:30,872
Bihar,13-04-2018 08:30,140
Bihar,10-10-2018 08:30,146
Bihar,19-10-2019 08:30,734
Bihar,04-09-2018 08:30,160
Bihar,25-10-2018 08:30,144
Bihar,10-11-2019 08:30,450
Bihar,04-11-2018 08:30,170
Bihar,26-10-2018 08:30,136
Bihar,04-10-2018 08:30,162
Bihar,26-10-2018 08:30,140
Bihar,04-05-2018 08:30,167
Bihar,10-12-2018 08:30,172
Bihar,17-04-2018 08:30,126
Bihar,25-10-2019 08:30,752
Bihar,10-04-2018 08:30,112
Bihar,31-10-2019 08:30,392
Bihar,20-04-2018 08:30,132
Bihar,22-10-2018 08:30,152
Bihar,04-09-2018 08:30,148
Bihar,26-10-2018 08:30,152
Bihar,10-11-2019 08:30,582
Bihar,04-06-2018 08:30,164
Bihar,13-10-2018 08:30,168
Bihar,10-12-2019 08:30,624
Bihar,04-09-2018 08:30,155
Bihar,26-10-2018 08:30,170
Bihar,10-11-2019 08:30,982
Bihar,14-04-2018 08:30,128
Bihar,10-09-2018 08:30,170
Bihar,19-10-2019 08:30,404
Bihar,04-11-2018 08:30,132
Bihar,27-10-2018 08:30,136
Bihar,04-09-2018 08:30,152
Bihar,25-10-2018 08:30,138
Bihar,10-11-2019 08:30,338
Bihar,04-11-2018 08:30,163
Bihar,26-10-2018 08:30,160
Bihar,19-10-2019 08:30,326
Bihar,21-04-2018 08:30,134
Bihar,24-10-2018 08:30,132
Bihar,21-10-2019 08:30,184
Bihar,10-05-2018 08:30,190
Bihar,10-05-2018 08:30,186
Bihar,31-10-2019 08:30,780
Bihar,31-10-2019 08:30,884
Bihar,04-05-2018 08:30,176
Bihar,10-12-2018 08:30,168
Bihar,10-12-2019 08:30,986
Bihar,04-11-2018 08:30,164
Bihar,26-10-2018 08:30,138
Bihar,04-12-2018 08:30,140
Bihar,10-08-2018 08:30,156
Bihar,20-10-2019 08:30,218
Bihar,24-04-2018 08:30,168
Bihar,26-10-2018 08:30,140
Bihar,16-04-2018 08:30,152
Bihar,13-10-2018 08:30,146
Bihar,25-10-2019 08:30,802
Bihar,21-04-2018 08:30,136
Bihar,24-10-2018 08:30,144
Bihar,21-10-2019 08:30,302
Bihar,04-03-2018 08:30,180
Bihar,10-05-2018 08:30,152
Bihar,20-04-2019 08:30,152
Bihar,10-07-2019 08:30,316
Bihar,13-10-2018 08:30,152
Bihar,26-10-2019 08:30,806
Bihar,04-12-2018 08:30,132
Bihar,04-12-2018 08:30,126
Bihar,10-10-2018 08:30,114
Bihar,10-10-2018 08:30,158
Bihar,18-10-2019 08:30,586
Bihar,18-10-2019 08:30,904
Bihar,19-04-2018 08:30,128
Bihar,14-10-2018 08:30,172
Bihar,24-10-2019 08:30,482
Bihar,19-04-2018 08:30,124
Bihar,14-10-2018 08:30,138
Bihar,24-10-2019 08:30,460
Bihar,24-04-2018 08:30,152
Bihar,27-10-2018 08:30,118
Bihar,20-04-2018 08:30,118
Bihar,22-10-2018 08:30,146
Bihar,10-04-2018 08:30,134
Bihar,20-04-2018 08:30,142
Bihar,23-10-2018 08:30,116
Bihar,10-05-2018 08:30,166
Bihar,20-04-2018 08:30,140
Bihar,23-10-2018 08:30,138
Bihar,10-05-2018 08:30,172
Bihar,04-05-2018 08:30,160
Bihar,10-12-2018 08:30,186
Bihar,24-04-2018 08:30,146
Bihar,27-10-2018 08:30,138
Bihar,04-09-2018 08:30,150
Bihar,26-10-2018 08:30,146
Bihar,17-04-2018 08:30,138
Bihar,13-10-2018 08:30,142
Bihar,26-10-2019 08:30,882
Bihar,16-04-2018 08:30,138
Bihar,13-10-2018 08:30,186
Bihar,25-10-2019 08:30,562
Bihar,20-04-2018 08:30,140
Bihar,23-10-2018 08:30,162
Bihar,22-10-2019 08:30,208
Bihar,21-04-2018 08:30,124
Bihar,24-10-2018 08:30,146
Bihar,20-04-2018 08:30,120
Bihar,23-10-2018 08:30,170
Bihar,22-10-2019 08:30,400
Bihar,22-10-2018 08:30,136
Bihar,04-11-2018 08:30,138
Bihar,27-10-2018 08:30,142
Bihar,04-11-2018 08:30,112
Bihar,27-10-2018 08:30,152
Bihar,04-11-2018 08:30,140
Bihar,25-10-2018 08:30,140
Bihar,13-04-2018 08:30,128
Bihar,10-09-2018 08:30,146
Bihar,20-10-2019 08:30,368
Bihar,04-11-2018 08:30,168
Bihar,26-10-2018 08:30,142
Bihar,04-11-2018 08:30,171
Bihar,26-10-2018 08:30,144
Bihar,04-05-2018 08:30,152
Bihar,10-12-2018 08:30,138
Bihar,04-11-2018 08:30,146
Bihar,27-10-2018 08:30,154
Bihar,04-09-2018 08:30,158
Bihar,25-10-2018 08:30,150
Bihar,10-11-2019 08:30,754
Bihar,04-09-2018 08:30,161
Bihar,25-10-2018 08:30,156
Bihar,10-11-2019 08:30,738
Chhattisgarh,24-04-2018 08:30,290
Chhattisgarh,23-10-2018 08:30,229
Chhattisgarh,29-04-2019 08:30,242
Chhattisgarh,31-10-2019 08:30,233
Chhattisgarh,24-04-2018 08:30,278
Chhattisgarh,23-10-2018 08:30,238
Chhattisgarh,29-04-2019 08:30,238
Chhattisgarh,31-10-2019 08:30,226
Chhattisgarh,20-04-2018 08:30,281
Chhattisgarh,23-10-2018 08:30,254
Chhattisgarh,29-04-2019 08:30,252
Chhattisgarh,31-10-2019 08:30,246
Chhattisgarh,17-04-2018 08:30,280291
Chhattisgarh,25-10-2018 08:30,266290
Chhattisgarh,26-04-2019 08:30,291351
Chhattisgarh,22-10-2019 08:30,264
Chhattisgarh,19-01-2018 08:30,354
Chhattisgarh,27-01-2018 08:30,356
Chhattisgarh,26-04-2018 08:30,336338
Chhattisgarh,07-03-2018 08:30,334
Chhattisgarh,10-10-2018 08:30,322
Chhattisgarh,01-10-2019 08:30,314
Chhattisgarh,23-07-2019 08:30,278
Chhattisgarh,16-10-2019 08:30,272
Chhattisgarh,01-10-2018 08:30,590
Chhattisgarh,04-11-2018 08:30,525
Chhattisgarh,07-07-2018 08:30,534
Chhattisgarh,10-12-2018 08:30,280
Chhattisgarh,15-01-2019 08:30,575
Chhattisgarh,04-10-2019 08:30,552
Chhattisgarh,10-04-2019 08:30,302
Chhattisgarh,30-06-2018 08:30,120
Chhattisgarh,31-12-2018 08:30,130
Chhattisgarh,22-06-2019 08:30,160
Chhattisgarh,12-09-2019 08:30,100
Chhattisgarh,04-05-2018 08:30,1450
Chhattisgarh,10-03-2018 08:30,257
Chhattisgarh,04-02-2019 08:30,598
Chhattisgarh,10-01-2019 08:30,185
Delhi,07-10-2018 08:30,1903
Delhi,06-11-2019 08:30,2170
Delhi,31-10-2019 08:30,2560
Delhi,24-06-2018 08:30,996
Delhi,18-12-2018 08:30,2044
Delhi,22-07-2019 08:30,2516
Delhi,30-12-2019 08:30,764
Delhi,07-10-2018 08:30,2600
Delhi,06-11-2019 08:30,592
Delhi,19-12-2019 08:30,662
Delhi,17-07-2018 08:30,1366
Delhi,31-07-2019 08:30,1020
Delhi,31-10-2019 08:30,1158
Delhi,26-12-2018 08:30,914
Delhi,06-12-2019 08:30,878
Delhi,31-10-2019 08:30,1272
Delhi,07-05-2018 08:30,758
Delhi,18-12-2018 08:30,790
Delhi,24-06-2019 08:30,1116
Delhi,25-11-2019 08:30,1362
Delhi,13-12-2018 08:30,4460
Delhi,07-11-2019 08:30,912
Delhi,12-05-2019 08:30,1430
Delhi,24-06-2018 08:30,326
Delhi,18-12-2018 08:30,474
Delhi,22-07-2019 08:30,470
Delhi,30-12-2019 08:30,498
Delhi,27-06-2018 08:30,4130
Delhi,07-09-2019 08:30,1314
Delhi,12-10-2019 08:30,1562
Delhi,27-06-2018 08:30,1084
Delhi,07-09-2019 08:30,602
Delhi,12-10-2019 08:30,838
Delhi,07-12-2018 08:30,480
Delhi,15-12-2018 08:30,522
Delhi,29-07-2019 08:30,530
Delhi,31-10-2019 08:30,564
Delhi,17-07-2018 08:30,766
Delhi,31-07-2019 08:30,698
Delhi,19-12-2019 08:30,644
Delhi,26-12-2018 08:30,628
Delhi,06-12-2019 08:30,656
Delhi,31-10-2019 08:30,674
Delhi,07-10-2018 08:30,893
Delhi,06-11-2019 08:30,852
Delhi,31-10-2019 08:30,1102
Delhi,17-07-2018 08:30,492
Delhi,31-07-2019 08:30,520
Delhi,19-12-2019 08:30,1986
Delhi,13-12-2018 08:30,656
Delhi,07-11-2019 08:30,6714
Delhi,12-05-2019 08:30,2964
Delhi,11-05-2018 08:30,1352
Delhi,19-12-2019 08:30,650
Delhi,27-06-2018 08:30,1130
Delhi,22-07-2019 08:30,716
Delhi,12-10-2019 08:30,1072
Delhi,13-12-2018 08:30,1592
Delhi,07-11-2019 08:30,1878
Delhi,12-05-2019 08:30,190
Delhi,07-09-2018 08:30,854
Delhi,06-10-2019 08:30,12020
Delhi,12-12-2019 08:30,2406
Delhi,26-12-2018 08:30,910
Delhi,06-12-2019 08:30,676
Delhi,31-10-2019 08:30,868
Delhi,07-05-2018 08:30,1820
Delhi,18-12-2018 08:30,1780
Delhi,24-06-2019 08:30,1700
Delhi,25-11-2019 08:30,1752
Delhi,29-07-2019 08:30,786
Delhi,19-12-2019 08:30,6168
Delhi,11-05-2018 08:30,2568
Delhi,19-12-2019 08:30,756
Delhi,27-06-2018 08:30,738
Delhi,07-09-2019 08:30,1510
Delhi,12-10-2019 08:30,4864
Delhi,07-09-2019 08:30,2200
Delhi,12-10-2019 08:30,1530
Delhi,11-05-2018 08:30,3960
Delhi,19-12-2019 08:30,544
Delhi,13-06-2019 08:30,1036
Delhi,30-12-2019 08:30,824
Delhi,24-06-2019 08:30,1108
Delhi,19-12-2019 08:30,768
Delhi,07-12-2018 08:30,1790
Delhi,15-12-2018 08:30,5800
Delhi,29-07-2019 08:30,3694
Delhi,19-12-2019 08:30,4492
Delhi,13-06-2019 08:30,576
Delhi,19-12-2019 08:30,576
Delhi,13-06-2019 08:30,412
Delhi,19-12-2019 08:30,476
Delhi,07-09-2018 08:30,1100
Delhi,06-10-2019 08:30,870
Delhi,12-12-2019 08:30,902
Delhi,07-12-2018 08:30,244
Delhi,15-12-2018 08:30,370
Delhi,29-07-2019 08:30,550
Delhi,31-10-2019 08:30,492
Delhi,24-06-2018 08:30,782
Delhi,18-12-2018 08:30,840
Delhi,22-07-2019 08:30,766
Delhi,30-12-2019 08:30,754
Delhi,07-05-2018 08:30,1296
Delhi,18-12-2018 08:30,1366
Delhi,24-06-2019 08:30,868
Delhi,25-11-2019 08:30,1410
Delhi,07-10-2019 08:30,1226
Delhi,31-10-2019 08:30,1488
Delhi,07-10-2019 08:30,594
Delhi,31-10-2019 08:30,1258
Delhi,07-10-2019 08:30,2556
Delhi,30-12-2019 08:30,3138
Delhi,07-10-2019 08:30,136
Delhi,30-12-2019 08:30,9554
Delhi,13-06-2019 08:30,2750
Delhi,19-12-2019 08:30,932
Delhi,27-06-2018 08:30,876
Delhi,07-09-2019 08:30,1154
Delhi,12-10-2019 08:30,726
Delhi,07-10-2019 08:30,634
Delhi,26-11-2019 08:30,3402
Delhi,06-10-2019 08:30,514
Delhi,12-12-2019 08:30,750
Delhi,07-09-2018 08:30,1108
Delhi,06-10-2019 08:30,430
Delhi,12-12-2019 08:30,820
Goa,04-10-2018 08:30,67
Goa,16-10-2018 08:30,322
Goa,04-04-2019 08:30,68
Goa,04-10-2018 08:30,252
Goa,10-12-2018 08:30,230
Goa,04-07-2019 08:30,25
Goa,04-10-2018 08:30,41
Goa,16-10-2018 08:30,173
Goa,04-02-2018 08:30,193
Goa,04-03-2018 08:30,76
Goa,17-10-2018 08:30,42
Goa,04-12-2019 08:30,142
Goa,04-03-2018 08:30,170
Goa,17-10-2018 08:30,144
Goa,04-12-2019 08:30,613
Goa,04-02-2018 08:30,193
Goa,10-01-2018 08:30,215
Goa,04-09-2019 08:30,154
Goa,04-04-2018 08:30,58
Goa,10-12-2018 08:30,79
Goa,15-04-2019 08:30,43
Goa,04-04-2018 08:30,175
Goa,10-05-2018 08:30,301
Goa,15-04-2019 08:30,124
Goa,15-04-2019 08:30,181
Gujarat,04-03-2018 08:30,2240
Gujarat,10-02-2018 08:30,2238
Gujarat,04-04-2018 08:30,1174
Gujarat,10-05-2018 08:30,220
Gujarat,04-04-2019 08:30,10
Gujarat,10-03-2019 08:30,364
Gujarat,25-04-2019 08:30,2948
Gujarat,04-02-2018 08:30,2040
Gujarat,10-01-2018 08:30,2180
Gujarat,04-04-2019 08:30,2358
Gujarat,10-01-2019 08:30,2228
Gujarat,04-03-2018 08:30,982
Gujarat,10-03-2018 08:30,958
Gujarat,04-02-2019 08:30,978
Gujarat,10-03-2019 08:30,1268
Gujarat,13-04-2018 08:30,1138
Gujarat,25-10-2018 08:30,1072
Gujarat,22-04-2019 08:30,1256
Gujarat,10-05-2019 08:30,3372
Gujarat,10-01-2019 08:30,842
Gujarat,04-03-2018 08:30,868
Gujarat,10-03-2018 08:30,874
Gujarat,04-01-2019 08:30,886
Gujarat,10-02-2019 08:30,954
Gujarat,04-04-2018 08:30,474
Gujarat,10-05-2018 08:30,492
Gujarat,04-04-2019 08:30,444
Gujarat,10-03-2019 08:30,366
Gujarat,01-01-2018 08:30,910
Gujarat,02-01-2018 08:30,684
Gujarat,04-02-2018 08:30,954
Gujarat,10-01-2018 08:30,962
Gujarat,04-02-2019 08:30,1034
Gujarat,10-04-2019 08:30,950
Gujarat,04-03-2018 08:30,1768
Gujarat,10-03-2018 08:30,1390
Gujarat,04-01-2019 08:30,1368
Gujarat,10-02-2019 08:30,1418
Gujarat,04-03-2018 08:30,950
Gujarat,10-03-2018 08:30,1054
Gujarat,04-01-2019 08:30,1026
Gujarat,10-02-2019 08:30,1034
Gujarat,02-02-2018 08:30,3716
Gujarat,03-05-2018 08:30,3522
Gujarat,04-03-2018 08:30,3482
Gujarat,05-01-2018 08:30,3498
Gujarat,06-02-2018 08:30,3570
Gujarat,07-03-2018 08:30,3280
Gujarat,08-01-2018 08:30,35.18
Gujarat,09-06-2018 08:30,3554
Gujarat,10-03-2018 08:30,3454
Gujarat,11-03-2018 08:30,3554
Gujarat,12-01-2018 08:30,3432
Gujarat,01-01-2019 08:30,3354
Gujarat,02-04-2019 08:30,3336
Gujarat,03-02-2019 08:30,2202
Gujarat,04-02-2019 08:30,2106
Gujarat,05-01-2019 08:30,3222
Gujarat,06-01-2019 08:30,2260
Gujarat,07-01-2019 08:30,2266
Gujarat,08-02-2019 08:30,4150
Gujarat,09-03-2019 08:30,2300
Gujarat,10-03-2019 08:30,2220
Gujarat,11-05-2019 08:30,2110
Gujarat,12-02-2019 08:30,2272
Gujarat,22-04-2019 08:30,1156
Gujarat,10-05-2019 08:30,530
Gujarat,04-03-2018 08:30,2608
Gujarat,10-02-2018 08:30,1858
Gujarat,10-01-2019 08:30,2480
Gujarat,04-02-2018 08:30,1174
Gujarat,10-03-2018 08:30,1326
Gujarat,04-01-2019 08:30,1208
Gujarat,10-03-2019 08:30,1280
Gujarat,04-03-2018 08:30,1406
Gujarat,10-03-2018 08:30,1556
Gujarat,04-01-2019 08:30,1566
Gujarat,10-02-2019 08:30,1676
Gujarat,04-03-2018 08:30,1126
Gujarat,10-03-2018 08:30,1098
Gujarat,04-01-2019 08:30,1064
Gujarat,10-02-2019 08:30,1390
Gujarat,04-02-2018 08:30,1750
Gujarat,10-01-2018 08:30,2348
Gujarat,04-02-2019 08:30,1522
Gujarat,04-07-2018 08:30,6712
Gujarat,10-05-2018 08:30,9468
Gujarat,04-03-2019 08:30,5714
Gujarat,10-07-2019 08:30,10340
Gujarat,04-07-2018 08:30,1218
Gujarat,25-10-2018 08:30,1108
Gujarat,20-04-2019 08:30,872
Gujarat,10-05-2019 08:30,1342
Gujarat,01-01-2018 08:30,1458
Gujarat,02-02-2018 08:30,1460
Gujarat,04-04-2018 08:30,1516
Gujarat,05-02-2018 08:30,1470
Gujarat,13-06-2018 08:30,1954
Gujarat,07-02-2018 08:30,1502
Gujarat,08-07-2018 08:30,1470
Gujarat,09-07-2018 08:30,1536
Gujarat,10-01-2018 08:30,1504
Gujarat,11-03-2018 08:30,1544
Gujarat,21-12-2018 08:30,1474
Gujarat,01-05-2019 08:30,1486
Gujarat,02-04-2019 08:30,1526
Gujarat,03-06-2019 08:30,1434
Gujarat,04-03-2019 08:30,1442
Gujarat,05-06-2019 08:30,1764
Gujarat,10-03-2019 08:30,1502
Gujarat,04-02-2018 08:30,824
Gujarat,10-01-2018 08:30,634
Gujarat,04-01-2019 08:30,942
Gujarat,04-05-2018 08:30,1498
Gujarat,10-03-2018 08:30,766
Gujarat,04-01-2019 08:30,1870
Gujarat,10-01-2019 08:30,1444
Gujarat,04-04-2018 08:30,794
Gujarat,10-01-2018 08:30,920
Gujarat,04-02-2018 08:30,2628
Gujarat,10-09-2018 08:30,3728
Gujarat,04-08-2019 08:30,3092
Gujarat,04-04-2018 08:30,1964
Gujarat,10-09-2018 08:30,1558
Gujarat,25-04-2019 08:30,1810
Gujarat,10-07-2019 08:30,1340
Gujarat,04-03-2018 08:30,2534
Gujarat,10-01-2018 08:30,2520
Gujarat,04-02-2019 08:30,2624
Gujarat,10-05-2019 08:30,2818
Gujarat,02-06-2018 08:30,1764
Gujarat,04-04-2018 08:30,1642
Gujarat,10-05-2018 08:30,1696
Gujarat,04-02-2019 08:30,1764
Gujarat,04-02-2018 08:30,1142
Gujarat,15-10-2018 08:30,2254
Gujarat,04-08-2019 08:30,1164
Gujarat,10-03-2019 08:30,1202
Gujarat,04-03-2018 08:30,2436
Gujarat,10-01-2018 08:30,2490
Gujarat,10-03-2019 08:30,2340
Gujarat,04-03-2018 08:30,1862
Gujarat,10-01-2018 08:30,1838
Gujarat,04-02-2019 08:30,1876
Gujarat,10-05-2019 08:30,1850
Gujarat,04-04-2018 08:30,1806
Gujarat,10-04-2018 08:30,2044
Gujarat,04-01-2019 08:30,2054
Gujarat,10-01-2019 08:30,2132
Gujarat,04-05-2018 08:30,1592
Gujarat,10-03-2018 08:30,1240
Gujarat,04-01-2019 08:30,1920
Gujarat,10-01-2019 08:30,1754
Gujarat,04-04-2018 08:30,3854
Gujarat,10-04-2018 08:30,3834
Gujarat,04-05-2019 08:30,3948
Gujarat,10-01-2019 08:30,3666
Gujarat,14-05-2019 08:30,1460
Gujarat,10-04-2019 08:30,1434
Gujarat,04-04-2018 08:30,1124
Gujarat,10-04-2018 08:30,1184
Gujarat,04-05-2019 08:30,1140
Gujarat,10-01-2019 08:30,1244
Gujarat,04-05-2018 08:30,1280
Gujarat,10-03-2018 08:30,1100
Gujarat,04-01-2019 08:30,1590
Gujarat,10-01-2019 08:30,1536
Gujarat,04-03-2018 08:30,712
Gujarat,10-08-2018 08:30,1550
Gujarat,04-02-2019 08:30,994
Gujarat,10-03-2019 08:30,832
Gujarat,01-01-2018 08:30,1892
Gujarat,04-03-2018 08:30,1338
Gujarat,07-03-2018 08:30,1800
Gujarat,04-02-2019 08:30,1672
Gujarat,10-03-2019 08:30,1764
Gujarat,04-04-2018 08:30,5546
Gujarat,10-08-2018 08:30,5636
Gujarat,04-03-2019 08:30,5152
Gujarat,10-04-2019 08:30,1952
Gujarat,10-06-2018 08:30,1104
Gujarat,04-05-2019 08:30,1012
Gujarat,10-04-2019 08:30,1066
Gujarat,14-05-2019 08:30,2130
Gujarat,10-07-2019 08:30,1818
Gujarat,04-02-2018 08:30,2332
Gujarat,15-10-2018 08:30,1502
Gujarat,04-08-2019 08:30,1936
Gujarat,10-03-2019 08:30,1696
Gujarat,04-04-2018 08:30,2574
Gujarat,10-04-2018 08:30,2606
Gujarat,04-05-2019 08:30,2872
Gujarat,10-01-2019 08:30,3014
Gujarat,04-04-2018 08:30,492
Gujarat,10-01-2018 08:30,492
Gujarat,10-03-2019 08:30,448
Gujarat,04-04-2018 08:30,2822
Gujarat,10-04-2018 08:30,2542
Gujarat,04-05-2019 08:30,3522
Gujarat,10-01-2019 08:30,3880
Gujarat,04-04-2018 08:30,2718
Gujarat,04-03-2019 08:30,328
Gujarat,10-04-2019 08:30,2012
Gujarat,04-02-2018 08:30,1612
Gujarat,04-04-2019 08:30,2160
Gujarat,10-01-2019 08:30,2012
Gujarat,29-04-2019 08:30,970
Gujarat,10-05-2019 08:30,884
Gujarat,04-02-2018 08:30,460
Gujarat,10-09-2018 08:30,512
Gujarat,04-01-2019 08:30,496
Gujarat,10-01-2019 08:30,498
Gujarat,04-04-2018 08:30,1292
Gujarat,10-08-2018 08:30,522
Gujarat,04-03-2019 08:30,1340
Gujarat,10-04-2019 08:30,928
Gujarat,04-03-2018 08:30,548
Gujarat,10-11-2018 08:30,852
Gujarat,04-02-2019 08:30,580
Gujarat,04-03-2018 08:30,846
Gujarat,10-05-2018 08:30,786
Gujarat,04-02-2019 08:30,952
Gujarat,10-01-2019 08:30,940
Gujarat,04-04-2018 08:30,962
Gujarat,10-04-2018 08:30,1080
Gujarat,04-01-2019 08:30,896
Gujarat,10-01-2019 08:30,984
Gujarat,04-05-2018 08:30,2436
Gujarat,04-02-2019 08:30,2302
Gujarat,10-01-2019 08:30,2090
Gujarat,04-03-2018 08:30,452
Gujarat,10-11-2018 08:30,514
Gujarat,04-02-2019 08:30,480
Gujarat,10-09-2018 08:30,524
Gujarat,04-02-2019 08:30,394
Gujarat,04-02-2018 08:30,582
Gujarat,04-05-2019 08:30,460
Gujarat,10-04-2019 08:30,560
Gujarat,04-02-2018 08:30,676
Gujarat,10-12-2018 08:30,712
Gujarat,04-08-2019 08:30,720
Gujarat,01-02-2018 08:30,1960
Gujarat,02-03-2018 08:30,1696
Gujarat,04-02-2018 08:30,1736
Gujarat,10-01-2018 08:30,358
Gujarat,04-01-2019 08:30,206
Gujarat,10-04-2019 08:30,1786
Gujarat,02-06-2018 08:30,898
Gujarat,04-04-2018 08:30,1044
Gujarat,10-05-2018 08:30,1002
Gujarat,04-02-2019 08:30,1046
Gujarat,04-02-2018 08:30,896
Gujarat,10-09-2018 08:30,914
Gujarat,04-01-2019 08:30,948
Gujarat,10-01-2019 08:30,808
Gujarat,04-07-2018 08:30,622
Gujarat,10-05-2019 08:30,776
Gujarat,04-02-2018 08:30,830
Gujarat,10-01-2018 08:30,1120
Gujarat,04-01-2019 08:30,962
Gujarat,10-01-2019 08:30,1024
Gujarat,04-05-2018 08:30,420
Gujarat,10-06-2018 08:30,504
Gujarat,04-04-2019 08:30,802
Gujarat,10-04-2019 08:30,470
Gujarat,04-04-2018 08:30,1320
Gujarat,10-08-2018 08:30,850
Gujarat,04-03-2019 08:30,774
Gujarat,10-04-2019 08:30,626
Gujarat,04-02-2018 08:30,974
Gujarat,10-01-2018 08:30,1146
Gujarat,04-01-2019 08:30,924
Gujarat,10-01-2019 08:30,1148
Gujarat,04-02-2018 08:30,538
Gujarat,10-01-2018 08:30,504
Gujarat,04-01-2019 08:30,880
Gujarat,04-07-2018 08:30,2418
Gujarat,10-05-2018 08:30,2190
Gujarat,04-03-2019 08:30,3036
Gujarat,10-07-2019 08:30,2364
Gujarat,04-04-2018 08:30,421
Gujarat,10-05-2018 08:30,1034
Gujarat,04-04-2019 08:30,296
Gujarat,10-03-2019 08:30,296
Gujarat,04-02-2018 08:30,976
Gujarat,10-01-2018 08:30,1090
Gujarat,04-01-2019 08:30,1446
Gujarat,10-03-2019 08:30,1020
Gujarat,04-02-2018 08:30,1018
Gujarat,10-01-2018 08:30,1066
Gujarat,04-01-2019 08:30,1034
Gujarat,10-03-2019 08:30,1006
Gujarat,01-02-2018 08:30,740
Gujarat,04-02-2018 08:30,804
Gujarat,07-03-2018 08:30,756
Gujarat,04-02-2019 08:30,708
Gujarat,10-01-2019 08:30,818
Gujarat,04-03-2018 08:30,2544
Gujarat,10-02-2018 08:30,3574
Gujarat,10-01-2019 08:30,2704
Gujarat,04-05-2018 08:30,260
Gujarat,10-02-2018 08:30,278
Gujarat,04-03-2019 08:30,836
Gujarat,10-01-2019 08:30,872
Gujarat,04-05-2018 08:30,202
Gujarat,10-04-2018 08:30,276
Gujarat,04-02-2018 08:30,6342
Gujarat,10-01-2018 08:30,9590
Gujarat,04-04-2019 08:30,9564
Gujarat,10-01-2019 08:30,6746
Gujarat,04-10-2018 08:30,898
Gujarat,07-04-2018 08:30,870
Gujarat,30-04-2019 08:30,2752
Gujarat,07-11-2019 08:30,2764
Gujarat,17-10-2019 08:30,2016
Gujarat,04-10-2018 08:30,362
Gujarat,07-04-2018 08:30,389
Gujarat,19-04-2019 08:30,488
Gujarat,18-07-2019 08:30,504
Gujarat,21-10-2019 08:30,448
Gujarat,04-10-2018 08:30,655
Gujarat,07-04-2018 08:30,649
Gujarat,19-04-2019 08:30,364
Gujarat,18-07-2019 08:30,500
Gujarat,21-10-2019 08:30,400
Gujarat,04-10-2018 08:30,696
Gujarat,07-04-2018 08:30,732
Gujarat,30-04-2019 08:30,1880
Gujarat,07-11-2019 08:30,1788
Gujarat,17-10-2019 08:30,1244
Gujarat,04-03-2018 08:30,1008
Gujarat,10-03-2018 08:30,1048
Gujarat,04-02-2019 08:30,682
Gujarat,10-03-2019 08:30,674
Gujarat,10-09-2018 08:30,1248
Gujarat,04-02-2019 08:30,1118
Gujarat,10-09-2018 08:30,982
Gujarat,04-02-2019 08:30,1144
Himachal Pradesh,14-10-2019 08:30,241
Himachal Pradesh,27-04-2018 08:30,572
Himachal Pradesh,22-10-2018 08:30,412
Himachal Pradesh,30-04-2019 08:30,515
Himachal Pradesh,18-10-2019 08:30,612
Himachal Pradesh,27-04-2018 08:30,272
Himachal Pradesh,30-04-2019 08:30,284
Himachal Pradesh,18-10-2019 08:30,620
Himachal Pradesh,27-04-2018 08:30,334
Himachal Pradesh,22-10-2018 08:30,389
Himachal Pradesh,30-04-2019 08:30,402
Himachal Pradesh,27-04-2018 08:30,419
Himachal Pradesh,26-10-2018 08:30,131
Himachal Pradesh,22-04-2019 08:30,121
Himachal Pradesh,18-10-2019 08:30,357
Himachal Pradesh,04-04-2018 08:30,217
Himachal Pradesh,10-12-2018 08:30,223
Himachal Pradesh,18-04-2019 08:30,126
Himachal Pradesh,15-10-2019 08:30,225
Himachal Pradesh,26-04-2018 08:30,328
Himachal Pradesh,25-10-2018 08:30,448
Himachal Pradesh,22-04-2019 08:30,453
Himachal Pradesh,17-10-2019 08:30,168
Himachal Pradesh,29-05-2018 08:30,174
Himachal Pradesh,10-04-2018 08:30,210
Himachal Pradesh,21-04-2018 08:30,557
Himachal Pradesh,23-10-2018 08:30,203
Himachal Pradesh,14-10-2019 08:30,499
Himachal Pradesh,27-04-2018 08:30,326
Himachal Pradesh,22-10-2018 08:30,445
Himachal Pradesh,30-04-2019 08:30,320
Himachal Pradesh,27-04-2018 08:30,596
Himachal Pradesh,22-10-2018 08:30,599
Himachal Pradesh,30-04-2019 08:30,750
Himachal Pradesh,28-04-2018 08:30,446
Himachal Pradesh,10-08-2018 08:30,460
Himachal Pradesh,04-05-2019 08:30,457
Himachal Pradesh,24-10-2019 08:30,544
Himachal Pradesh,29-01-2018 08:30,362
Himachal Pradesh,24-02-2018 08:30,388
Himachal Pradesh,24-03-2018 08:30,452
Himachal Pradesh,23-04-2018 08:30,60
Himachal Pradesh,30-05-2018 08:30,705
Himachal Pradesh,28-06-2018 08:30,425.1
Himachal Pradesh,31-07-2018 08:30,333.9
Himachal Pradesh,31-08-2018 08:30,346.4
Himachal Pradesh,29-09-2018 08:30,345.6
Himachal Pradesh,30-10-2018 08:30,355
Himachal Pradesh,29-12-2018 08:30,267.6
Himachal Pradesh,30-01-2019 08:30,332.4
Himachal Pradesh,28-02-2019 08:30,276
Himachal Pradesh,29-03-2019 08:30,290.6
Himachal Pradesh,27-04-2019 08:30,299.5
Himachal Pradesh,31-05-2019 08:30,302
Himachal Pradesh,27-06-2019 08:30,315.5
Himachal Pradesh,30-07-2019 08:30,272
Himachal Pradesh,24-08-2019 08:30,243
Himachal Pradesh,18-09-2019 08:30,250
Himachal Pradesh,23-10-2019 08:30,214
Himachal Pradesh,26-11-2019 08:30,252
Himachal Pradesh,18-12-2019 08:30,203
Himachal Pradesh,31-01-2018 08:30,174
Himachal Pradesh,28-02-2018 08:30,205
Himachal Pradesh,21-03-2018 08:30,192
Himachal Pradesh,29-05-2018 08:30,193
Himachal Pradesh,22-06-2018 08:30,205
Himachal Pradesh,07-04-2018 08:30,248
Himachal Pradesh,31-08-2018 08:30,316
Himachal Pradesh,26-09-2018 08:30,169
Himachal Pradesh,30-10-2018 08:30,177
Himachal Pradesh,30-11-2018 08:30,302
Himachal Pradesh,12-12-2018 08:30,150
Himachal Pradesh,17-01-2019 08:30,188
Himachal Pradesh,27-02-2019 08:30,112
Himachal Pradesh,28-03-2019 08:30,230
Himachal Pradesh,04-11-2019 08:30,242
Himachal Pradesh,05-08-2019 08:30,252
Himachal Pradesh,26-06-2019 08:30,450
Himachal Pradesh,26-07-2019 08:30,152
Himachal Pradesh,19-08-2019 08:30,345
Himachal Pradesh,17-09-2019 08:30,370
Himachal Pradesh,10-07-2019 08:30,390
Himachal Pradesh,21-04-2018 08:30,469
Himachal Pradesh,23-10-2018 08:30,378
Himachal Pradesh,24-04-2019 08:30,139
Himachal Pradesh,14-10-2019 08:30,380
Himachal Pradesh,14-10-2019 08:30,469
Himachal Pradesh,24-04-2018 08:30,62
Himachal Pradesh,10-10-2018 08:30,93
Himachal Pradesh,28-04-2019 08:30,108
Himachal Pradesh,21-10-2019 08:30,91
Himachal Pradesh,10-08-2018 08:30,106
Himachal Pradesh,10-10-2019 08:30,225
Himachal Pradesh,04-05-2018 08:30,776
Himachal Pradesh,29-04-2019 08:30,122
Himachal Pradesh,10-10-2019 08:30,670
Himachal Pradesh,26-04-2018 08:30,892
Himachal Pradesh,25-10-2018 08:30,599
Himachal Pradesh,22-04-2019 08:30,613
Himachal Pradesh,17-10-2019 08:30,340
Himachal Pradesh,28-04-2018 08:30,523
Himachal Pradesh,17-10-2018 08:30,339
Himachal Pradesh,19-05-2018 08:30,249
Himachal Pradesh,06-11-2019 08:30,237
Himachal Pradesh,07-02-2018 08:30,235
Himachal Pradesh,10-04-2018 08:30,296
Himachal Pradesh,26-04-2018 08:30,806
Himachal Pradesh,25-10-2018 08:30,405
Himachal Pradesh,22-04-2019 08:30,367
Himachal Pradesh,17-10-2019 08:30,518
Himachal Pradesh,27-04-2019 08:30,510
Himachal Pradesh,29-07-2019 08:30,178
Himachal Pradesh,24-04-2018 08:30,59
Himachal Pradesh,19-10-2018 08:30,79.8
Himachal Pradesh,04-10-2019 08:30,51.6
Himachal Pradesh,19-10-2019 08:30,154.8
Himachal Pradesh,27-01-2018 08:30,75
Himachal Pradesh,27-04-2018 08:30,65
Himachal Pradesh,16-07-2018 08:30,230.4
Himachal Pradesh,17-10-2018 08:30,66.6
Himachal Pradesh,04-10-2019 08:30,48.6
Himachal Pradesh,23-04-2018 08:30,262
Himachal Pradesh,10-06-2018 08:30,432
Himachal Pradesh,18-04-2019 08:30,142
Himachal Pradesh,01-12-2018 08:30,281
Himachal Pradesh,04-07-2018 08:30,311
Himachal Pradesh,13-07-2018 08:30,355
Himachal Pradesh,10-03-2018 08:30,407
Himachal Pradesh,01-02-2019 08:30,242
Himachal Pradesh,02-01-2019 08:30,242
Himachal Pradesh,23-04-2018 08:30,60
Himachal Pradesh,30-10-2018 08:30,222
Himachal Pradesh,27-04-2019 08:30,188.2
Himachal Pradesh,24-10-2019 08:30,137
Himachal Pradesh,21-04-2018 08:30,447
Himachal Pradesh,23-10-2018 08:30,450
Himachal Pradesh,24-04-2019 08:30,153
Himachal Pradesh,14-10-2019 08:30,359
Himachal Pradesh,22-05-2019 08:30,51
Himachal Pradesh,27-04-2018 08:30,758
Himachal Pradesh,26-04-2018 08:30,348
Himachal Pradesh,25-10-2018 08:30,471
Himachal Pradesh,22-04-2019 08:30,457
Himachal Pradesh,17-10-2019 08:30,379
Himachal Pradesh,28-04-2018 08:30,353
Himachal Pradesh,10-08-2018 08:30,398
Himachal Pradesh,04-05-2019 08:30,388
Himachal Pradesh,24-10-2019 08:30,465
Himachal Pradesh,04-11-2018 08:30,425
Himachal Pradesh,27-04-2019 08:30,572
Himachal Pradesh,16-04-2018 08:30,545
Himachal Pradesh,22-10-2018 08:30,226
Himachal Pradesh,22-04-2019 08:30,138
Haryana,05-02-2019 08:30,432
Haryana,04-04-2018 08:30,570
Haryana,10-11-2018 08:30,1638
Haryana,04-03-2019 08:30,1730
Haryana,04-04-2018 08:30,628
Haryana,10-11-2018 08:30,686
Haryana,04-02-2019 08:30,444
Haryana,25-09-2019 08:30,210
Haryana,15-10-2019 08:30,224
Haryana,26-11-2019 08:30,338
Haryana,12-11-2019 08:30,214
Haryana,23-04-2019 08:30,210
Haryana,25-04-2019 08:30,1006
Haryana,31-10-2019 08:30,926
Haryana,23-04-2018 08:30,2410
Haryana,25-10-2018 08:30,2838
Haryana,25-04-2019 08:30,2618
Haryana,15-10-2019 08:30,2332
Jharkhand,24-06-2019 08:30,478
Jharkhand,22-07-2019 08:30,482
Jharkhand,24-08-2019 08:30,480
Jharkhand,09-11-2019 08:30,478
Jharkhand,18-10-2019 08:30,482
Jharkhand,29-11-2019 08:30,478
Jharkhand,25-12-2019 08:30,478
Jammu And Kashmir,26-10-2019 08:30,395
Jammu And Kashmir,26-10-2019 08:30,302
Jammu And Kashmir,10-03-2019 08:30,56
Jammu And Kashmir,15-05-2019 08:30,424
Jammu And Kashmir,10-11-2019 08:30,651
Jammu And Kashmir,10-11-2019 08:30,287
Jammu And Kashmir,05-09-2019 08:30,352
Jammu And Kashmir,10-11-2019 08:30,290
Jammu And Kashmir,25-10-2019 08:30,338
Jammu And Kashmir,26-10-2019 08:30,185
Jammu And Kashmir,15-05-2019 08:30,116
Jammu And Kashmir,10-11-2019 08:30,576
Jammu And Kashmir,16-04-2018 08:30,286
Jammu And Kashmir,17-12-2018 08:30,260
Jammu And Kashmir,25-10-2019 08:30,397
Jammu And Kashmir,06-01-2018 08:30,472
Jammu And Kashmir,06-01-2018 08:30,529
Jammu And Kashmir,06-01-2018 08:30,503
Jammu And Kashmir,06-01-2018 08:30,507
Jammu And Kashmir,16-04-2018 08:30,165
Jammu And Kashmir,17-12-2018 08:30,182
Jammu And Kashmir,10-10-2019 08:30,87
Jammu And Kashmir,26-06-2019 08:30,96
Jammu And Kashmir,25-04-2018 08:30,726
Jammu And Kashmir,18-12-2018 08:30,875
Jammu And Kashmir,04-02-2019 08:30,630
Jammu And Kashmir,22-10-2019 08:30,458
Jammu And Kashmir,16-04-2018 08:30,127
Jammu And Kashmir,17-12-2018 08:30,227
Kerala,04-11-2018 08:30,86
Kerala,10-06-2018 08:30,118
Kerala,04-09-2019 08:30,80
Kerala,18-10-2019 08:30,78
Kerala,04-06-2018 08:30,186
Kerala,22-10-2018 08:30,135
Kerala,04-01-2019 08:30,119
Kerala,19-10-2019 08:30,96
Kerala,04-05-2018 08:30,190
Kerala,10-01-2018 08:30,24
Kerala,17-04-2019 08:30,80
Kerala,10-01-2019 08:30,38
Kerala,04-09-2018 08:30,178
Kerala,16-10-2018 08:30,200
Kerala,04-09-2019 08:30,280
Kerala,16-10-2019 08:30,188
Kerala,04-07-2018 08:30,70
Kerala,10-06-2018 08:30,42
Kerala,04-10-2019 08:30,78
Kerala,10-04-2019 08:30,42
Kerala,04-11-2018 08:30,108
Kerala,04-09-2019 08:30,192
Kerala,18-10-2019 08:30,133
Kerala,16-04-2018 08:30,120
Kerala,20-10-2018 08:30,137
Kerala,20-04-2019 08:30,136
Kerala,14-10-2019 08:30,170
Kerala,04-06-2018 08:30,88
Kerala,22-10-2018 08:30,79
Kerala,04-01-2019 08:30,46
Kerala,19-10-2019 08:30,34
Kerala,04-07-2018 08:30,200
Kerala,17-10-2018 08:30,188
Kerala,04-05-2019 08:30,188
Kerala,18-10-2019 08:30,148
Kerala,04-04-2018 08:30,62
Kerala,17-10-2018 08:30,53
Kerala,04-05-2019 08:30,68
Kerala,15-10-2019 08:30,72
Kerala,04-04-2018 08:30,80
Kerala,10-10-2018 08:30,62
Kerala,04-05-2019 08:30,45
Kerala,15-10-2019 08:30,58
Kerala,24-04-2018 08:30,60
Kerala,25-10-2018 08:30,51
Kerala,20-04-2019 08:30,52
Kerala,10-05-2019 08:30,180
Kerala,18-04-2018 08:30,380
Kerala,25-10-2018 08:30,250
Kerala,04-02-2019 08:30,430
Kerala,10-05-2019 08:30,460
Kerala,16-04-2018 08:30,150
Kerala,10-05-2018 08:30,175
Kerala,04-10-2019 08:30,155
Kerala,10-01-2019 08:30,146
Kerala,04-06-2018 08:30,86
Kerala,10-06-2018 08:30,106
Kerala,04-06-2019 08:30,116
Kerala,16-10-2019 08:30,104
Kerala,04-04-2018 08:30,110
Kerala,10-05-2018 08:30,118
Kerala,04-10-2019 08:30,142
Kerala,16-10-2019 08:30,112
Kerala,19-04-2018 08:30,160
Kerala,10-01-2018 08:30,122
Kerala,04-10-2019 08:30,170
Kerala,10-01-2019 08:30,110
Kerala,04-10-2018 08:30,244
Kerala,16-10-2018 08:30,160
Kerala,04-03-2019 08:30,410
Kerala,10-10-2019 08:30,200
Kerala,04-10-2018 08:30,183
Kerala,16-10-2018 08:30,114
Kerala,04-05-2019 08:30,141
Kerala,10-10-2019 08:30,140
Kerala,04-07-2018 08:30,54
Kerala,10-06-2018 08:30,44
Kerala,04-10-2019 08:30,58
Kerala,10-04-2019 08:30,62
Kerala,04-07-2018 08:30,115
Kerala,10-03-2018 08:30,200
Kerala,04-02-2019 08:30,142
Kerala,23-10-2019 08:30,142
Kerala,19-04-2018 08:30,130
Kerala,10-01-2018 08:30,108
Kerala,04-10-2019 08:30,78
Kerala,10-01-2019 08:30,77
Kerala,07-04-2018 08:30,203
Kerala,07-09-2019 08:30,98
Kerala,07-04-2018 08:30,88
Kerala,07-09-2019 08:30,48
Kerala,04-05-2018 08:30,88
Kerala,10-03-2018 08:30,100
Kerala,29-04-2019 08:30,82
Kerala,19-10-2019 08:30,100
Kerala,04-11-2018 08:30,120
Kerala,10-04-2018 08:30,55
Kerala,04-08-2019 08:30,184
Kerala,16-10-2019 08:30,92
Kerala,04-11-2018 08:30,140
Kerala,10-04-2018 08:30,180
Kerala,04-08-2019 08:30,242
Kerala,16-10-2019 08:30,212
Kerala,04-11-2018 08:30,130
Kerala,10-06-2018 08:30,110
Kerala,04-06-2019 08:30,104
Kerala,10-03-2019 08:30,94
Kerala,19-04-2018 08:30,175
Kerala,10-01-2018 08:30,124
Kerala,04-10-2019 08:30,160
Kerala,10-01-2019 08:30,90
Kerala,04-05-2018 08:30,75
Kerala,10-01-2018 08:30,190
Kerala,17-04-2019 08:30,160
Kerala,10-01-2019 08:30,198
Kerala,04-09-2018 08:30,206
Kerala,16-10-2018 08:30,134
Kerala,22-04-2019 08:30,330
Kerala,16-10-2019 08:30,169
Kerala,16-04-2018 08:30,87
Kerala,22-10-2018 08:30,55
Kerala,04-11-2019 08:30,110
Kerala,10-11-2019 08:30,62
Kerala,24-04-2018 08:30,127
Kerala,22-10-2018 08:30,100
Kerala,20-04-2019 08:30,130
Kerala,10-11-2019 08:30,60
Kerala,04-07-2018 08:30,46
Kerala,10-06-2018 08:30,46
Kerala,04-10-2019 08:30,60
Kerala,10-04-2019 08:30,60
Kerala,13-04-2018 08:30,280
Kerala,10-04-2018 08:30,170
Kerala,04-03-2019 08:30,290
Kerala,19-10-2019 08:30,180
Kerala,04-09-2018 08:30,600
Kerala,10-06-2018 08:30,470
Kerala,04-06-2019 08:30,7000
Kerala,10-11-2019 08:30,364
Maharashtra,04-02-2018 08:30,412
Maharashtra,10-04-2018 08:30,318
Maharashtra,04-04-2019 08:30,184
Maharashtra,04-01-2019 08:30,460
Maharashtra,16-04-2018 08:30,447
Maharashtra,17-10-2019 08:30,3620
Maharashtra,04-04-2019 08:30,19116
Maharashtra,10-03-2019 08:30,1026
Maharashtra,04-02-2018 08:30,700
Maharashtra,10-02-2018 08:30,965
Maharashtra,04-09-2019 08:30,30306
Maharashtra,10-03-2019 08:30,426
Maharashtra,04-02-2018 08:30,2230
Maharashtra,10-02-2018 08:30,589
Maharashtra,04-09-2019 08:30,30384
Maharashtra,10-03-2019 08:30,490
Maharashtra,04-01-2019 08:30,460
Maharashtra,04-04-2018 08:30,669
Maharashtra,17-10-2019 08:30,4266
Maharashtra,04-04-2019 08:30,20142
Maharashtra,10-03-2019 08:30,1975
Maharashtra,04-09-2018 08:30,1050
Maharashtra,17-10-2019 08:30,2862
Maharashtra,14-04-2018 08:30,506
Maharashtra,30-10-2018 08:30,666
Maharashtra,25-04-2019 08:30,611
Maharashtra,17-04-2018 08:30,618
Maharashtra,16-10-2018 08:30,479
Maharashtra,04-04-2018 08:30,460
Maharashtra,10-11-2018 08:30,90
Maharashtra,04-11-2019 08:30,29378
Maharashtra,10-10-2019 08:30,66
Maharashtra,04-01-2019 08:30,464
Maharashtra,04-04-2019 08:30,968
Maharashtra,04-04-2019 08:30,2646
Maharashtra,04-02-2018 08:30,2005
Maharashtra,10-08-2018 08:30,1850
Maharashtra,04-09-2019 08:30,46388
Maharashtra,10-04-2019 08:30,684
Maharashtra,04-04-2018 08:30,586
Maharashtra,10-09-2018 08:30,796
Maharashtra,04-02-2019 08:30,173
Maharashtra,10-07-2019 08:30,1160
Maharashtra,04-09-2018 08:30,604
Maharashtra,29-10-2018 08:30,510
Maharashtra,10-05-2019 08:30,626
Maharashtra,04-03-2018 08:30,273
Maharashtra,10-11-2018 08:30,85
Maharashtra,04-10-2019 08:30,208
Maharashtra,10-10-2019 08:30,60
Maharashtra,04-04-2018 08:30,3842
Maharashtra,10-11-2018 08:30,157
Maharashtra,04-11-2019 08:30,46517
Maharashtra,10-10-2019 08:30,102
Maharashtra,04-04-2018 08:30,3960
Maharashtra,10-11-2018 08:30,325
Maharashtra,04-11-2019 08:30,47188
Maharashtra,10-10-2019 08:30,138
Maharashtra,04-03-2018 08:30,190
Maharashtra,10-11-2018 08:30,234
Maharashtra,04-10-2019 08:30,47790
Maharashtra,10-10-2019 08:30,62
Maharashtra,04-05-2018 08:30,1418
Maharashtra,10-02-2018 08:30,1800
Maharashtra,10-05-2019 08:30,3452
Maharashtra,04-05-2018 08:30,1149
Maharashtra,10-01-2018 08:30,340
Maharashtra,10-04-2019 08:30,964
Maharashtra,04-04-2018 08:30,1968
Maharashtra,10-04-2018 08:30,1452
Maharashtra,04-09-2019 08:30,280
Maharashtra,10-09-2019 08:30,1900
Maharashtra,04-04-2018 08:30,2090
Maharashtra,10-03-2018 08:30,1777
Maharashtra,04-02-2019 08:30,278
Maharashtra,10-07-2019 08:30,511
Maharashtra,29-10-2018 08:30,648
Maharashtra,10-05-2019 08:30,618
Maharashtra,04-11-2018 08:30,170
Maharashtra,26-10-2018 08:30,162
Maharashtra,04-02-2019 08:30,258
Maharashtra,04-04-2018 08:30,2824
Maharashtra,10-03-2018 08:30,2892
Maharashtra,04-02-2019 08:30,1047
Maharashtra,10-07-2019 08:30,2132
Maharashtra,04-02-2018 08:30,1690
Maharashtra,10-02-2018 08:30,925
Maharashtra,04-09-2019 08:30,694
Maharashtra,10-03-2019 08:30,1008
Maharashtra,14-04-2018 08:30,608
Maharashtra,21-10-2018 08:30,775
Maharashtra,14-04-2018 08:30,752
Maharashtra,04-02-2018 08:30,470
Maharashtra,10-02-2018 08:30,284
Maharashtra,04-09-2019 08:30,610
Maharashtra,10-03-2019 08:30,435
Maharashtra,04-04-2018 08:30,142
Maharashtra,10-04-2018 08:30,487
Maharashtra,04-09-2019 08:30,281
Maharashtra,10-09-2019 08:30,425
Maharashtra,04-05-2018 08:30,59
Maharashtra,10-06-2018 08:30,500
Maharashtra,10-03-2019 08:30,266
Maharashtra,04-02-2018 08:30,409
Maharashtra,04-04-2018 08:30,676
Maharashtra,04-02-2019 08:30,205
Maharashtra,04-02-2018 08:30,2240
Maharashtra,10-02-2018 08:30,1428
Maharashtra,04-09-2019 08:30,50929
Maharashtra,10-03-2019 08:30,2080
Maharashtra,04-04-2019 08:30,19342
Maharashtra,10-03-2019 08:30,2024
Maharashtra,29-10-2018 08:30,578
Maharashtra,04-02-2018 08:30,1750
Maharashtra,10-08-2018 08:30,814
Maharashtra,04-01-2019 08:30,29312
Maharashtra,10-04-2019 08:30,690
Maharashtra,04-02-2018 08:30,4950
Maharashtra,10-08-2018 08:30,602
Maharashtra,04-01-2019 08:30,691
Maharashtra,10-04-2019 08:30,560
Maharashtra,04-04-2018 08:30,584
Maharashtra,10-09-2018 08:30,1422
Maharashtra,04-02-2019 08:30,192
Maharashtra,10-07-2019 08:30,1206
Maharashtra,04-04-2018 08:30,560
Maharashtra,10-09-2018 08:30,909
Maharashtra,04-08-2019 08:30,169
Maharashtra,10-07-2019 08:30,1609
Meghalaya,21-03-2019 08:30,130
Meghalaya,16-04-2019 08:30,108
Meghalaya,21-10-2019 08:30,98
Meghalaya,21-03-2019 08:30,93
Meghalaya,16-04-2019 08:30,88
Meghalaya,21-10-2019 08:30,85
Meghalaya,21-03-2019 08:30,59
Meghalaya,16-04-2019 08:30,71
Meghalaya,21-10-2019 08:30,77
Meghalaya,17-04-2018 08:30,241
Meghalaya,22-10-2018 08:30,252
Meghalaya,04-08-2019 08:30,245
Meghalaya,10-10-2019 08:30,220
Meghalaya,04-03-2018 08:30,179
Meghalaya,04-02-2019 08:30,200
Meghalaya,10-01-2019 08:30,129
Meghalaya,04-11-2018 08:30,38
Meghalaya,10-11-2018 08:30,33
Meghalaya,04-05-2019 08:30,45
Meghalaya,10-09-2019 08:30,38
Meghalaya,04-03-2018 08:30,179
Meghalaya,10-04-2018 08:30,180
Meghalaya,04-02-2019 08:30,172
Meghalaya,10-01-2019 08:30,185
Meghalaya,24-04-2018 08:30,107
Meghalaya,24-10-2018 08:30,100
Meghalaya,15-04-2019 08:30,104
Meghalaya,15-10-2019 08:30,81
Meghalaya,16-04-2018 08:30,77
Meghalaya,22-10-2018 08:30,74
Meghalaya,04-08-2019 08:30,75
Meghalaya,10-10-2019 08:30,81
Manipur,29-04-2019 08:30,348
Manipur,18-04-2018 08:30,290.2
Manipur,30-04-2018 08:30,452
Manipur,27-04-2019 08:30,466.4
Manipur,24-10-2019 08:30,348
Manipur,30-04-2018 08:30,394.2
Manipur,27-04-2019 08:30,482
Manipur,28-04-2018 08:30,348.2
Manipur,20-04-2018 08:30,453
Manipur,30-04-2019 08:30,318.6
Manipur,31-10-2019 08:30,399
Manipur,20-04-2018 08:30,422
Manipur,30-04-2019 08:30,10
Madhya Pradesh,25-04-2018 08:30,385
Madhya Pradesh,24-10-2018 08:30,370
Madhya Pradesh,20-04-2019 08:30,279
Madhya Pradesh,10-12-2019 08:30,564
Madhya Pradesh,10-01-2019 08:30,376
Madhya Pradesh,06-12-2018 08:30,460
Madhya Pradesh,23-10-2018 08:30,100
Madhya Pradesh,27-06-2019 08:30,442
Madhya Pradesh,25-10-2019 08:30,449
Madhya Pradesh,04-05-2018 08:30,442
Madhya Pradesh,10-06-2018 08:30,228
Madhya Pradesh,04-02-2019 08:30,312
Madhya Pradesh,10-03-2019 08:30,346
Madhya Pradesh,04-03-2018 08:30,380
Madhya Pradesh,10-01-2018 08:30,360
Madhya Pradesh,04-01-2019 08:30,436
Madhya Pradesh,10-01-2019 08:30,322
Madhya Pradesh,04-03-2018 08:30,348
Madhya Pradesh,10-01-2018 08:30,453
Madhya Pradesh,04-01-2019 08:30,1096
Madhya Pradesh,10-03-2019 08:30,324
Madhya Pradesh,04-04-2018 08:30,380
Madhya Pradesh,10-05-2018 08:30,356
Madhya Pradesh,04-03-2019 08:30,516
Madhya Pradesh,10-03-2019 08:30,328
Madhya Pradesh,06-12-2018 08:30,280
Madhya Pradesh,23-10-2018 08:30,140
Madhya Pradesh,27-06-2019 08:30,295
Madhya Pradesh,21-10-2019 08:30,301
Madhya Pradesh,06-12-2018 08:30,210
Madhya Pradesh,23-10-2018 08:30,130
Madhya Pradesh,27-06-2019 08:30,281
Madhya Pradesh,25-10-2019 08:30,288
Madhya Pradesh,06-12-2018 08:30,90
Madhya Pradesh,23-10-2018 08:30,120
Madhya Pradesh,27-06-2019 08:30,476
Madhya Pradesh,25-10-2019 08:30,482
Madhya Pradesh,06-12-2018 08:30,80
Madhya Pradesh,23-10-2018 08:30,120
Madhya Pradesh,27-06-2019 08:30,174
Madhya Pradesh,25-10-2019 08:30,181
Madhya Pradesh,06-12-2018 08:30,210
Madhya Pradesh,23-10-2018 08:30,130
Madhya Pradesh,27-06-2019 08:30,275
Madhya Pradesh,25-10-2019 08:30,281
Madhya Pradesh,06-12-2018 08:30,80
Madhya Pradesh,23-10-2018 08:30,100
Madhya Pradesh,27-06-2019 08:30,369
Madhya Pradesh,25-10-2019 08:30,375
Madhya Pradesh,26-04-2018 08:30,428520
Madhya Pradesh,29-10-2018 08:30,738800
Madhya Pradesh,15-10-2019 08:30,16531700
Madhya Pradesh,06-12-2018 08:30,210
Madhya Pradesh,23-10-2018 08:30,130
Madhya Pradesh,27-06-2019 08:30,268
Madhya Pradesh,25-10-2019 08:30,274
Madhya Pradesh,04-05-2018 08:30,448
Madhya Pradesh,10-06-2018 08:30,372
Madhya Pradesh,04-02-2019 08:30,112
Madhya Pradesh,10-04-2019 08:30,571
Madhya Pradesh,28-04-2018 08:30,444
Madhya Pradesh,10-11-2018 08:30,448
Madhya Pradesh,04-03-2019 08:30,532
Madhya Pradesh,10-05-2019 08:30,332
Madhya Pradesh,26-04-2018 08:30,340
Madhya Pradesh,27-10-2018 08:30,424
Madhya Pradesh,10-10-2019 08:30,455
Madhya Pradesh,04-02-2018 08:30,304
Madhya Pradesh,10-09-2018 08:30,294
Madhya Pradesh,04-09-2019 08:30,146
Madhya Pradesh,04-02-2018 08:30,1892
Madhya Pradesh,10-09-2018 08:30,372
Madhya Pradesh,30-04-2019 08:30,228
Madhya Pradesh,04-10-2018 08:30,168
Madhya Pradesh,10-05-2018 08:30,822
Madhya Pradesh,04-03-2019 08:30,164
Madhya Pradesh,04-04-2018 08:30,361
Madhya Pradesh,10-04-2018 08:30,394
Madhya Pradesh,04-04-2018 08:30,547
Madhya Pradesh,10-04-2018 08:30,499
Madhya Pradesh,16-04-2018 08:30,754
Madhya Pradesh,10-05-2018 08:30,703
Madhya Pradesh,13-04-2019 08:30,509
Madhya Pradesh,10-09-2019 08:30,552
Madhya Pradesh,04-07-2018 08:30,1650
Madhya Pradesh,10-09-2018 08:30,1880
Madhya Pradesh,10-11-2019 08:30,839
Madhya Pradesh,25-04-2018 08:30,1973
Madhya Pradesh,24-10-2018 08:30,951
Madhya Pradesh,20-04-2019 08:30,989
Madhya Pradesh,31-10-2019 08:30,731
Madhya Pradesh,04-04-2018 08:30,573
Madhya Pradesh,10-05-2018 08:30,352
Madhya Pradesh,04-03-2019 08:30,684
Madhya Pradesh,10-03-2019 08:30,352
Madhya Pradesh,04-05-2018 08:30,545
Madhya Pradesh,10-10-2018 08:30,553
Madhya Pradesh,04-06-2019 08:30,501
Madhya Pradesh,27-04-2018 08:30,1568
Madhya Pradesh,01-03-2019 08:30,2172
Madhya Pradesh,23-04-2019 08:30,1284
Madhya Pradesh,23-05-2019 08:30,2182
Madhya Pradesh,08-06-2019 08:30,2084
Madhya Pradesh,28-11-2019 08:30,1432
Madhya Pradesh,28-04-2018 08:30,634
Madhya Pradesh,10-10-2018 08:30,422
Madhya Pradesh,04-08-2019 08:30,342
Madhya Pradesh,10-05-2019 08:30,354
Madhya Pradesh,17-04-2018 08:30,1572
Madhya Pradesh,25-10-2018 08:30,806
Madhya Pradesh,29-10-2019 08:30,512
Madhya Pradesh,24-04-2018 08:30,192
Madhya Pradesh,25-10-2018 08:30,852
Madhya Pradesh,29-04-2019 08:30,482
Madhya Pradesh,04-06-2018 08:30,824
Madhya Pradesh,10-10-2018 08:30,968
Madhya Pradesh,10-07-2019 08:30,1278
Madhya Pradesh,04-09-2018 08:30,710
Madhya Pradesh,10-09-2018 08:30,907
Madhya Pradesh,10-09-2019 08:30,511
Madhya Pradesh,13-04-2018 08:30,1280
Madhya Pradesh,10-12-2018 08:30,1214
Madhya Pradesh,10-04-2019 08:30,2552
Madhya Pradesh,04-06-2018 08:30,1138
Madhya Pradesh,17-06-2019 08:30,1298
Madhya Pradesh,04-03-2018 08:30,1216
Madhya Pradesh,04-11-2019 08:30,1936
Madhya Pradesh,10-11-2019 08:30,1894
Madhya Pradesh,04-02-2018 08:30,358
Madhya Pradesh,10-09-2018 08:30,318
Madhya Pradesh,04-09-2019 08:30,166
Madhya Pradesh,28-04-2018 08:30,438
Madhya Pradesh,10-11-2018 08:30,432
Madhya Pradesh,04-04-2019 08:30,582
Madhya Pradesh,10-10-2019 08:30,306
Madhya Pradesh,28-04-2018 08:30,454
Madhya Pradesh,10-10-2018 08:30,312
Madhya Pradesh,04-04-2019 08:30,442
Madhya Pradesh,10-05-2019 08:30,340
Madhya Pradesh,04-05-2019 08:30,900
Madhya Pradesh,10-04-2019 08:30,1310
Madhya Pradesh,24-01-2018 08:30,1340
Madhya Pradesh,24-02-2018 08:30,1270
Madhya Pradesh,22-03-2018 08:30,1240
Madhya Pradesh,25-04-2018 08:30,946
Madhya Pradesh,10-10-2018 08:30,150
Madhya Pradesh,04-08-2019 08:30,504
Madhya Pradesh,07-06-2019 08:30,859
Madhya Pradesh,08-06-2019 08:30,417
Madhya Pradesh,14-10-2019 08:30,358
Madhya Pradesh,14-11-2019 08:30,1235
Madhya Pradesh,12-09-2019 08:30,1200
Madhya Pradesh,26-03-2018 08:30,1910
Madhya Pradesh,27-04-2018 08:30,1820
Madhya Pradesh,30-10-2018 08:30,1900
Madhya Pradesh,23-05-2019 08:30,1908
Madhya Pradesh,04-07-2018 08:30,1693
Madhya Pradesh,10-09-2018 08:30,1815
Madhya Pradesh,04-09-2019 08:30,1082
Madhya Pradesh,10-11-2019 08:30,1096
Madhya Pradesh,04-07-2018 08:30,2057
Madhya Pradesh,10-09-2018 08:30,1668
Madhya Pradesh,04-09-2019 08:30,1216
Madhya Pradesh,10-11-2019 08:30,1142
Madhya Pradesh,04-07-2018 08:30,1000
Madhya Pradesh,10-09-2018 08:30,981
Madhya Pradesh,04-09-2019 08:30,770
Madhya Pradesh,10-11-2019 08:30,1048
Madhya Pradesh,04-12-2018 08:30,791
Madhya Pradesh,10-12-2018 08:30,725
Madhya Pradesh,10-09-2019 08:30,675
Nagaland,04-11-2018 08:30,123
Nagaland,15-10-2018 08:30,116
Nagaland,04-04-2019 08:30,125
Nagaland,18-10-2019 08:30,123
Nagaland,04-11-2018 08:30,106
Nagaland,15-10-2018 08:30,97.9
Nagaland,04-04-2019 08:30,125
Nagaland,18-10-2019 08:30,134
Nagaland,13-04-2018 08:30,320
Nagaland,10-10-2018 08:30,331
Nagaland,04-06-2019 08:30,378
Nagaland,16-10-2019 08:30,140
Nagaland,04-10-2018 08:30,389
Nagaland,15-10-2018 08:30,405
Nagaland,04-04-2019 08:30,419
Nagaland,18-10-2019 08:30,479
Nagaland,04-11-2018 08:30,185
Nagaland,15-10-2018 08:30,168
Nagaland,04-04-2019 08:30,191
Nagaland,18-10-2019 08:30,222
Nagaland,04-11-2018 08:30,87
Nagaland,15-10-2018 08:30,87.3
Nagaland,04-04-2019 08:30,88
Nagaland,18-10-2019 08:30,108
Nagaland,04-11-2018 08:30,110
Nagaland,15-10-2018 08:30,100
Nagaland,04-04-2019 08:30,233
Nagaland,18-10-2019 08:30,186
Nagaland,04-10-2018 08:30,413
Nagaland,15-10-2018 08:30,71
Nagaland,04-04-2019 08:30,436
Nagaland,18-10-2019 08:30,392
Nagaland,04-11-2018 08:30,260
Nagaland,15-10-2018 08:30,486
Nagaland,04-04-2019 08:30,91
Nagaland,18-10-2019 08:30,496
Nagaland,04-11-2018 08:30,88
Nagaland,15-10-2018 08:30,102
Nagaland,04-04-2019 08:30,102
Nagaland,18-10-2019 08:30,122
Odisha,04-04-2018 08:30,658
Odisha,10-04-2018 08:30,642
Odisha,04-12-2019 08:30,592
Odisha,14-10-2019 08:30,484
Odisha,19-04-2018 08:30,102
Odisha,10-03-2018 08:30,72
Odisha,15-04-2019 08:30,128
Odisha,16-10-2019 08:30,72
Odisha,04-05-2018 08:30,136
Odisha,10-06-2018 08:30,262
Odisha,04-06-2019 08:30,132
Odisha,10-04-2019 08:30,228
Odisha,05-03-2018 08:30,5280
Odisha,10-04-2018 08:30,1190
Odisha,04-03-2019 08:30,504
Odisha,10-01-2019 08:30,576
Odisha,04-05-2018 08:30,532
Odisha,10-03-2018 08:30,552
Odisha,04-12-2019 08:30,704
Odisha,15-10-2019 08:30,748
Odisha,19-04-2018 08:30,101
Odisha,10-03-2018 08:30,382
Odisha,15-04-2019 08:30,128
Odisha,16-10-2019 08:30,120
Odisha,04-05-2018 08:30,95
Odisha,10-06-2018 08:30,112
Odisha,04-06-2019 08:30,92
Odisha,10-04-2019 08:30,244
Odisha,19-04-2018 08:30,79
Odisha,10-03-2018 08:30,196
Odisha,15-04-2019 08:30,92
Odisha,16-10-2019 08:30,148
Odisha,19-04-2018 08:30,88
Odisha,10-03-2018 08:30,106
Odisha,15-04-2019 08:30,112
Odisha,16-10-2019 08:30,116
Odisha,19-04-2018 08:30,176
Odisha,10-03-2018 08:30,124
Odisha,15-04-2019 08:30,116
Odisha,16-10-2019 08:30,116
Odisha,04-04-2018 08:30,58
Odisha,10-05-2018 08:30,198
Odisha,04-10-2019 08:30,192
Odisha,04-06-2018 08:30,211
Odisha,10-03-2018 08:30,268
Odisha,04-05-2019 08:30,188
Odisha,10-10-2019 08:30,116
Odisha,04-07-2018 08:30,254
Odisha,10-10-2018 08:30,632
Odisha,04-04-2019 08:30,288
Odisha,29-10-2019 08:30,584
Odisha,19-04-2018 08:30,162
Odisha,10-03-2018 08:30,192
Odisha,15-04-2019 08:30,168
Odisha,16-10-2019 08:30,140
Odisha,04-05-2018 08:30,445
Odisha,10-06-2018 08:30,388
Odisha,04-06-2019 08:30,268
Odisha,10-04-2019 08:30,292
Odisha,04-06-2018 08:30,132
Odisha,10-04-2018 08:30,146
Odisha,04-04-2019 08:30,192
Odisha,15-10-2019 08:30,288
Odisha,04-04-2018 08:30,158
Odisha,10-05-2018 08:30,222
Odisha,04-11-2019 08:30,172
Odisha,14-10-2019 08:30,168
Odisha,04-06-2018 08:30,88
Odisha,10-04-2018 08:30,274
Odisha,04-04-2019 08:30,220
Odisha,15-10-2019 08:30,156
Odisha,04-05-2018 08:30,284
Odisha,10-03-2018 08:30,358
Odisha,16-04-2019 08:30,260
Odisha,14-10-2019 08:30,312
Odisha,04-04-2018 08:30,406
Odisha,10-05-2018 08:30,202
Odisha,04-10-2019 08:30,448
Odisha,14-10-2019 08:30,92
Odisha,04-06-2018 08:30,145
Odisha,10-03-2018 08:30,186
Odisha,04-05-2019 08:30,168
Odisha,10-10-2019 08:30,128
Odisha,04-05-2018 08:30,418
Odisha,10-03-2018 08:30,402
Odisha,04-12-2019 08:30,848
Odisha,14-10-2019 08:30,612
Odisha,04-05-2018 08:30,14
Odisha,10-06-2018 08:30,242
Odisha,04-06-2019 08:30,156
Odisha,10-04-2019 08:30,316
Odisha,04-05-2018 08:30,236
Odisha,10-03-2018 08:30,312
Odisha,16-04-2019 08:30,236
Odisha,14-10-2019 08:30,236
Odisha,04-04-2018 08:30,48
Odisha,10-06-2018 08:30,146
Odisha,04-11-2019 08:30,148
Odisha,04-05-2018 08:30,619
Odisha,10-03-2018 08:30,502
Odisha,04-12-2019 08:30,124
Odisha,15-10-2019 08:30,488
Odisha,05-03-2018 08:30,1880
Odisha,10-04-2018 08:30,846
Odisha,04-03-2019 08:30,388
Odisha,10-01-2019 08:30,1512
Odisha,04-06-2018 08:30,84
Odisha,10-03-2018 08:30,110
Odisha,04-05-2019 08:30,116
Odisha,10-10-2019 08:30,56
Odisha,04-04-2018 08:30,326
Odisha,10-04-2018 08:30,386
Odisha,04-12-2019 08:30,316
Odisha,14-10-2019 08:30,348
Odisha,04-04-2018 08:30,531
Odisha,10-03-2018 08:30,902
Odisha,04-02-2019 08:30,436
Odisha,15-10-2019 08:30,764
Odisha,04-04-2018 08:30,629
Odisha,10-03-2018 08:30,972
Odisha,04-02-2019 08:30,692
Odisha,15-10-2019 08:30,864
Odisha,04-07-2018 08:30,561
Odisha,10-10-2018 08:30,640
Odisha,04-04-2019 08:30,388
Odisha,29-10-2019 08:30,524
Odisha,04-05-2018 08:30,429
Odisha,08-06-2018 08:30,158
Odisha,10-03-2018 08:30,468
Odisha,04-02-2019 08:30,672
Odisha,15-10-2019 08:30,412
Odisha,04-04-2018 08:30,252
Odisha,10-03-2018 08:30,212
Odisha,04-04-2019 08:30,224
Odisha,10-03-2019 08:30,172
Odisha,04-04-2018 08:30,758
Odisha,10-03-2018 08:30,762
Odisha,04-04-2019 08:30,1028
Odisha,10-03-2019 08:30,348
Odisha,04-05-2018 08:30,542
Odisha,10-04-2018 08:30,1012
Odisha,04-02-2019 08:30,546
Odisha,15-10-2019 08:30,904
Odisha,04-06-2018 08:30,186
Odisha,10-09-2018 08:30,346
Odisha,04-04-2019 08:30,284
Odisha,28-10-2019 08:30,216
Odisha,04-07-2018 08:30,12850
Odisha,10-09-2018 08:30,1570
Odisha,04-04-2019 08:30,368
Odisha,29-10-2019 08:30,668
Odisha,04-04-2018 08:30,395
Odisha,10-03-2018 08:30,402
Odisha,04-04-2019 08:30,320
Odisha,10-03-2019 08:30,256
Odisha,04-04-2018 08:30,442
Odisha,10-05-2018 08:30,252
Odisha,04-11-2019 08:30,236
Odisha,14-10-2019 08:30,304
Odisha,19-04-2018 08:30,108
Odisha,10-03-2018 08:30,194
Odisha,15-04-2019 08:30,188
Odisha,16-10-2019 08:30,152
Odisha,04-05-2018 08:30,143
Odisha,10-06-2018 08:30,188
Odisha,04-06-2019 08:30,148
Odisha,10-04-2019 08:30,248
Odisha,04-06-2018 08:30,168
Odisha,10-04-2018 08:30,158
Odisha,04-04-2019 08:30,136
Odisha,15-10-2019 08:30,148
Odisha,04-04-2018 08:30,203
Odisha,10-05-2018 08:30,192
Odisha,04-10-2019 08:30,196
Odisha,14-10-2019 08:30,148
Odisha,04-05-2018 08:30,921
Odisha,10-04-2018 08:30,758
Odisha,16-04-2019 08:30,852
Odisha,14-10-2019 08:30,528
Odisha,04-05-2018 08:30,558
Odisha,10-03-2018 08:30,642
Odisha,16-04-2019 08:30,372
Odisha,14-10-2019 08:30,372
Odisha,19-04-2018 08:30,88
Odisha,10-03-2018 08:30,292
Odisha,15-04-2019 08:30,136
Odisha,04-06-2018 08:30,179
Odisha,10-04-2018 08:30,176
Odisha,04-04-2019 08:30,160
Odisha,15-10-2019 08:30,116
Punjab,24-04-2018 08:30,530
Punjab,23-10-2018 08:30,1209
Punjab,30-10-2019 08:30,1256
Punjab,24-04-2018 08:30,387
Punjab,23-10-2018 08:30,1319
Punjab,30-10-2019 08:30,756
Punjab,17-04-2018 08:30,348
Punjab,17-04-2018 08:30,692
Punjab,21-06-2018 08:30,682
Punjab,10-09-2018 08:30,1230
Punjab,17-10-2019 08:30,478
Punjab,17-04-2018 08:30,347
Punjab,10-09-2018 08:30,423
Punjab,17-10-2019 08:30,326
Punjab,18-04-2018 08:30,1350
Punjab,19-04-2018 08:30,1118
Punjab,31-10-2018 08:30,688
Punjab,31-10-2018 08:30,1663
Punjab,17-10-2019 08:30,1532
Punjab,17-10-2019 08:30,1950
Punjab,16-04-2018 08:30,483
Punjab,10-09-2018 08:30,565
Punjab,15-10-2019 08:30,470
Punjab,20-04-2018 08:30,770
Punjab,15-10-2018 08:30,566
Punjab,04-08-2019 08:30,397
Punjab,21-10-2019 08:30,644
Punjab,17-04-2018 08:30,360
Punjab,10-09-2018 08:30,489
Punjab,17-10-2019 08:30,430
Punjab,04-12-2018 08:30,260
Punjab,04-12-2018 08:30,258
Punjab,15-10-2018 08:30,889
Punjab,15-10-2018 08:30,288
Punjab,04-08-2019 08:30,899
Punjab,04-08-2019 08:30,277
Punjab,10-11-2019 08:30,840
Punjab,10-11-2019 08:30,286
Punjab,21-05-2018 08:30,574
Punjab,17-10-2018 08:30,542
Punjab,10-07-2019 08:30,471
Punjab,21-05-2018 08:30,765
Punjab,16-10-2018 08:30,877
Punjab,30-10-2019 08:30,682
Punjab,16-04-2018 08:30,773
Punjab,10-09-2018 08:30,525
Punjab,15-10-2019 08:30,684
Punjab,21-05-2018 08:30,682
Punjab,17-10-2018 08:30,392
Punjab,10-07-2019 08:30,805
Punjab,16-05-2018 08:30,1301
Punjab,31-10-2018 08:30,883
Punjab,30-10-2019 08:30,298
Punjab,22-05-2018 08:30,243
Punjab,31-10-2018 08:30,242
Punjab,25-10-2019 08:30,221
Punjab,04-10-2018 08:30,646
Punjab,16-10-2018 08:30,644
Punjab,04-08-2019 08:30,524
Punjab,31-10-2019 08:30,351
Punjab,16-04-2018 08:30,450
Punjab,10-09-2018 08:30,769
Punjab,15-10-2019 08:30,454
Punjab,22-05-2018 08:30,311
Punjab,31-10-2018 08:30,437
Punjab,25-10-2019 08:30,322
Punjab,04-12-2018 08:30,1050
Punjab,04-12-2018 08:30,212
Punjab,15-10-2018 08:30,1209
Punjab,15-10-2018 08:30,1064
Punjab,04-08-2019 08:30,213
Punjab,04-08-2019 08:30,924
Punjab,10-11-2019 08:30,954
Punjab,10-11-2019 08:30,232
Punjab,04-11-2018 08:30,1466
Punjab,04-11-2018 08:30,659
Punjab,17-10-2018 08:30,388
Punjab,17-10-2018 08:30,368
Punjab,10-07-2019 08:30,523
Punjab,10-07-2019 08:30,1663
Punjab,17-05-2018 08:30,394
Punjab,10-09-2018 08:30,368
Punjab,04-08-2019 08:30,326
Punjab,17-10-2019 08:30,354
Punjab,20-04-2018 08:30,407
Punjab,20-04-2018 08:30,530
Punjab,10-12-2018 08:30,881
Punjab,10-12-2018 08:30,923
Punjab,30-10-2019 08:30,723
Punjab,30-10-2019 08:30,886
Punjab,24-04-2018 08:30,1996
Punjab,23-10-2018 08:30,1331
Punjab,30-10-2019 08:30,1380
Punjab,17-04-2018 08:30,595
Punjab,22-10-2018 08:30,754
Punjab,15-10-2019 08:30,699
Punjab,17-04-2018 08:30,716
Punjab,22-10-2018 08:30,489
Punjab,15-10-2019 08:30,650
Punjab,20-04-2018 08:30,1587
Punjab,10-11-2018 08:30,250
Punjab,30-10-2019 08:30,1358
Punjab,20-04-2018 08:30,723
Punjab,16-10-2018 08:30,922
Punjab,30-10-2019 08:30,672
Punjab,17-04-2018 08:30,309
Punjab,10-09-2018 08:30,272
Punjab,17-10-2019 08:30,434
Punjab,20-04-2018 08:30,250
Punjab,20-04-2018 08:30,327
Punjab,10-12-2018 08:30,246
Punjab,10-12-2018 08:30,576
Punjab,30-10-2019 08:30,273
Punjab,30-10-2019 08:30,577
Punjab,20-04-2018 08:30,828
Punjab,26-10-2018 08:30,880
Punjab,04-08-2019 08:30,631
Punjab,10-10-2019 08:30,320
Punjab,20-04-2018 08:30,800
Punjab,16-10-2018 08:30,911
Punjab,30-10-2019 08:30,804
Punjab,24-04-2018 08:30,1590
Punjab,10-11-2018 08:30,1833
Punjab,17-05-2018 08:30,776
Punjab,10-09-2018 08:30,935
Punjab,17-10-2019 08:30,338
Punjab,04-10-2018 08:30,229
Punjab,04-10-2018 08:30,1101
Punjab,29-10-2018 08:30,1274
Punjab,29-10-2018 08:30,711
Punjab,10-10-2019 08:30,454
Punjab,10-10-2019 08:30,1240
Punjab,16-04-2018 08:30,495
Punjab,10-09-2018 08:30,531
Punjab,15-10-2019 08:30,496
Punjab,17-05-2018 08:30,339
Punjab,10-09-2018 08:30,357
Punjab,04-08-2019 08:30,325
Punjab,17-10-2019 08:30,344
Punjab,24-04-2018 08:30,162
Punjab,23-10-2018 08:30,3292
Punjab,30-10-2019 08:30,3112
Rajasthan,25-04-2019 08:30,1686
Rajasthan,23-10-2018 08:30,1662
Rajasthan,25-04-2019 08:30,1612
Rajasthan,31-10-2019 08:30,1466
Rajasthan,23-10-2018 08:30,1528
Rajasthan,25-04-2019 08:30,1786
Rajasthan,31-10-2019 08:30,1744
Rajasthan,23-04-2018 08:30,1742
Rajasthan,27-10-2018 08:30,1448
Rajasthan,25-04-2019 08:30,1468
Rajasthan,15-10-2019 08:30,1336
Rajasthan,23-10-2018 08:30,1032
Rajasthan,25-04-2019 08:30,1676
Rajasthan,31-10-2019 08:30,1632
Rajasthan,16-04-2018 08:30,1044
Rajasthan,23-10-2018 08:30,1126
Rajasthan,25-04-2019 08:30,1214
Rajasthan,31-10-2019 08:30,706
Rajasthan,04-12-2019 08:30,708
Rajasthan,21-10-2019 08:30,982
Rajasthan,24-04-2019 08:30,1878
Rajasthan,16-10-2019 08:30,1658
Rajasthan,24-04-2019 08:30,832
Rajasthan,16-10-2019 08:30,758
Rajasthan,23-04-2019 08:30,19452
Rajasthan,23-04-2019 08:30,10386
Rajasthan,24-10-2019 08:30,4226
Rajasthan,04-12-2019 08:30,1142
Rajasthan,21-10-2019 08:30,1086
Rajasthan,16-04-2018 08:30,948
Rajasthan,23-10-2018 08:30,1352
Rajasthan,25-04-2019 08:30,1308
Rajasthan,31-10-2019 08:30,1256
Rajasthan,23-10-2018 08:30,904
Rajasthan,25-04-2019 08:30,1072
Rajasthan,31-10-2019 08:30,986
Rajasthan,16-04-2018 08:30,750
Rajasthan,23-10-2018 08:30,746
Rajasthan,25-04-2019 08:30,694
Rajasthan,31-10-2019 08:30,638
Rajasthan,16-04-2018 08:30,1042
Rajasthan,23-10-2018 08:30,906
Rajasthan,25-04-2019 08:30,998
Rajasthan,31-10-2019 08:30,958
Rajasthan,24-04-2019 08:30,3746
Rajasthan,23-04-2019 08:30,4266
Rajasthan,24-10-2019 08:30,3266
Rajasthan,24-04-2019 08:30,768
Rajasthan,16-10-2019 08:30,654
Rajasthan,16-04-2018 08:30,924
Rajasthan,23-10-2018 08:30,1048
Rajasthan,31-10-2019 08:30,798
Rajasthan,16-04-2018 08:30,1134
Rajasthan,23-10-2018 08:30,1166
Rajasthan,25-04-2019 08:30,1082
Rajasthan,31-10-2019 08:30,862
Rajasthan,16-04-2018 08:30,746
Rajasthan,23-10-2018 08:30,752
Rajasthan,25-04-2019 08:30,762
Rajasthan,31-10-2019 08:30,642
Rajasthan,25-04-2018 08:30,806
Rajasthan,23-10-2018 08:30,726
Rajasthan,24-04-2019 08:30,814
Rajasthan,16-10-2019 08:30,1488
Rajasthan,13-04-2018 08:30,4634
Rajasthan,10-10-2018 08:30,6670
Rajasthan,23-04-2019 08:30,3568
Rajasthan,15-04-2019 08:30,796
Rajasthan,16-10-2019 08:30,1128
Rajasthan,24-10-2019 08:30,1978
Rajasthan,10-10-2019 08:30,2232
Rajasthan,25-04-2019 08:30,1322
Rajasthan,22-10-2019 08:30,1148
Rajasthan,30-04-2018 08:30,948
Rajasthan,16-05-2018 08:30,856
Rajasthan,19-06-2018 08:30,910
Rajasthan,18-07-2018 08:30,808
Rajasthan,14-08-2018 08:30,836
Rajasthan,09-11-2018 08:30,796
Rajasthan,23-10-2018 08:30,858
Rajasthan,26-11-2018 08:30,728
Rajasthan,19-12-2018 08:30,716
Rajasthan,22-01-2019 08:30,742
Rajasthan,19-02-2019 08:30,818
Rajasthan,13-03-2019 08:30,862
Rajasthan,04-11-2019 08:30,926
Rajasthan,14-05-2019 08:30,982
Rajasthan,19-06-2019 08:30,1082
Rajasthan,17-07-2019 08:30,992
Rajasthan,21-08-2019 08:30,694
Rajasthan,24-09-2019 08:30,574
Rajasthan,18-10-2019 08:30,582
Rajasthan,20-11-2019 08:30,574
Rajasthan,18-12-2019 08:30,528
Rajasthan,26-04-2018 08:30,1006
Rajasthan,19-10-2018 08:30,1126
Rajasthan,04-10-2019 08:30,1238
Rajasthan,15-10-2019 08:30,1188
Rajasthan,26-04-2018 08:30,4174
Rajasthan,15-10-2019 08:30,2934
Rajasthan,26-04-2018 08:30,906
Rajasthan,19-10-2018 08:30,1046
Rajasthan,04-10-2019 08:30,846
Rajasthan,15-10-2019 08:30,788
Rajasthan,24-10-2019 08:30,1844
Rajasthan,15-04-2019 08:30,402
Rajasthan,16-10-2019 08:30,392
Rajasthan,04-05-2019 08:30,3294
Rajasthan,18-10-2019 08:30,3108
Rajasthan,24-04-2018 08:30,1708
Rajasthan,23-10-2018 08:30,1658
Rajasthan,04-02-2019 08:30,1706
Rajasthan,10-10-2019 08:30,1654
Rajasthan,29-04-2018 08:30,2488
Rajasthan,25-10-2018 08:30,2278
Rajasthan,22-04-2019 08:30,1824
Rajasthan,10-10-2019 08:30,2128
Rajasthan,17-04-2018 08:30,844
Rajasthan,25-10-2018 08:30,924
Rajasthan,04-12-2019 08:30,936
Rajasthan,17-10-2019 08:30,962
Rajasthan,24-04-2018 08:30,1618
Rajasthan,23-10-2018 08:30,2698
Rajasthan,04-02-2019 08:30,2606
Rajasthan,10-10-2019 08:30,2892
Rajasthan,23-04-2019 08:30,1426
Rajasthan,24-10-2019 08:30,1488
Rajasthan,13-04-2018 08:30,1110
Rajasthan,22-10-2018 08:30,986
Rajasthan,04-12-2019 08:30,1008
Rajasthan,21-10-2019 08:30,1198
Rajasthan,25-04-2018 08:30,1814
Rajasthan,23-10-2018 08:30,2894
Rajasthan,24-04-2019 08:30,2146
Rajasthan,16-10-2019 08:30,1928
Rajasthan,10-10-2019 08:30,438
Rajasthan,23-04-2019 08:30,2058
Rajasthan,24-10-2019 08:30,1992
Rajasthan,23-04-2018 08:30,808
Rajasthan,23-10-2018 08:30,698
Rajasthan,25-04-2019 08:30,786
Rajasthan,15-10-2019 08:30,638
Rajasthan,20-04-2018 08:30,398
Rajasthan,26-10-2018 08:30,714
Rajasthan,24-10-2019 08:30,798
Rajasthan,26-04-2018 08:30,1616
Rajasthan,23-10-2018 08:30,1376
Rajasthan,24-04-2019 08:30,1708
Rajasthan,16-10-2019 08:30,1372
Rajasthan,13-04-2018 08:30,2014
Rajasthan,22-10-2018 08:30,1712
Rajasthan,04-12-2019 08:30,1326
Rajasthan,21-10-2019 08:30,1306
Rajasthan,26-04-2018 08:30,834
Rajasthan,20-04-2018 08:30,526
Rajasthan,26-10-2018 08:30,704
Rajasthan,24-10-2019 08:30,502
Rajasthan,20-04-2018 08:30,810
Rajasthan,26-10-2018 08:30,298
Rajasthan,24-10-2019 08:30,272
Rajasthan,13-04-2018 08:30,1140
Rajasthan,22-10-2018 08:30,1168
Rajasthan,04-12-2019 08:30,672
Rajasthan,21-10-2019 08:30,1238
Rajasthan,24-04-2018 08:30,636
Rajasthan,23-10-2018 08:30,756
Rajasthan,04-02-2019 08:30,642
Rajasthan,10-10-2019 08:30,622
Rajasthan,25-04-2018 08:30,1442
Rajasthan,23-10-2018 08:30,1456
Rajasthan,24-04-2019 08:30,1302
Rajasthan,16-10-2019 08:30,1174
Rajasthan,13-04-2018 08:30,1110
Rajasthan,23-10-2018 08:30,1648
Rajasthan,04-12-2019 08:30,1324
Rajasthan,21-10-2019 08:30,1218
Rajasthan,13-04-2018 08:30,1918
Rajasthan,22-10-2018 08:30,1582
Rajasthan,04-12-2019 08:30,157
Rajasthan,21-10-2019 08:30,1978
Rajasthan,10-10-2019 08:30,3732
Rajasthan,22-04-2019 08:30,6882
Rajasthan,24-10-2019 08:30,11382
Rajasthan,04-12-2019 08:30,1046
Rajasthan,18-10-2019 08:30,1086
Rajasthan,24-04-2019 08:30,8856
Rajasthan,24-10-2019 08:30,10436
Rajasthan,20-04-2018 08:30,2378
Rajasthan,19-04-2018 08:30,3416
Rajasthan,29-10-2018 08:30,3612
Rajasthan,04-10-2019 08:30,3598
Rajasthan,14-10-2019 08:30,2138
Rajasthan,26-04-2018 08:30,424
Rajasthan,23-10-2018 08:30,436
Rajasthan,24-04-2019 08:30,452
Rajasthan,16-10-2019 08:30,446
Rajasthan,24-04-2018 08:30,376
Rajasthan,23-10-2018 08:30,1516
Rajasthan,04-02-2019 08:30,1656
Rajasthan,10-10-2019 08:30,2012
Rajasthan,24-10-2019 08:30,1088
Rajasthan,23-04-2018 08:30,972
Rajasthan,26-10-2018 08:30,790
Rajasthan,25-04-2019 08:30,752
Rajasthan,15-10-2019 08:30,686
Rajasthan,25-04-2019 08:30,1002
Rajasthan,31-10-2019 08:30,862
Rajasthan,25-04-2019 08:30,1216
Rajasthan,31-10-2019 08:30,1118
Rajasthan,24-04-2018 08:30,1152
Rajasthan,23-10-2018 08:30,1172
Rajasthan,24-04-2019 08:30,1164
Rajasthan,15-10-2019 08:30,1026
Rajasthan,24-04-2018 08:30,1854
Rajasthan,23-10-2018 08:30,1484
Rajasthan,24-04-2019 08:30,1542
Rajasthan,15-10-2019 08:30,1682
Rajasthan,24-04-2018 08:30,3940
Rajasthan,23-10-2018 08:30,3182
Rajasthan,24-04-2019 08:30,3046
Rajasthan,15-10-2019 08:30,2126
Rajasthan,24-04-2018 08:30,2144
Rajasthan,23-10-2018 08:30,2158
Rajasthan,24-04-2019 08:30,1886
Rajasthan,15-10-2019 08:30,2128
Rajasthan,25-04-2019 08:30,1024
Rajasthan,31-10-2019 08:30,1628
Rajasthan,25-04-2019 08:30,964
Rajasthan,31-10-2019 08:30,894
Rajasthan,29-04-2019 08:30,3864
Rajasthan,18-10-2019 08:30,3664
Rajasthan,20-04-2018 08:30,5462
Rajasthan,22-10-2018 08:30,4654
Rajasthan,25-12-2019 08:30,2826
Rajasthan,20-04-2018 08:30,3204
Rajasthan,21-10-2018 08:30,5064
Rajasthan,25-12-2019 08:30,864
Rajasthan,27-05-2019 08:30,3392
Rajasthan,25-12-2019 08:30,2582
Rajasthan,20-04-2018 08:30,3402
Rajasthan,19-10-2018 08:30,3062
Rajasthan,25-12-2019 08:30,3286
Rajasthan,20-04-2018 08:30,5174
Rajasthan,20-10-2018 08:30,6594
Rajasthan,25-12-2019 08:30,3194
Rajasthan,27-05-2019 08:30,3652
Rajasthan,25-12-2019 08:30,2792
Rajasthan,27-05-2019 08:30,6382
Rajasthan,25-12-2019 08:30,3382
Rajasthan,27-05-2019 08:30,1246
Rajasthan,25-12-2019 08:30,2706
Rajasthan,23-04-2018 08:30,6826
Rajasthan,24-10-2018 08:30,5862
Rajasthan,23-04-2019 08:30,4688
Rajasthan,23-10-2019 08:30,4338
Rajasthan,30-04-2018 08:30,426
Rajasthan,16-05-2018 08:30,436
Rajasthan,19-06-2018 08:30,496
Rajasthan,18-07-2018 08:30,464
Rajasthan,14-08-2018 08:30,444
Rajasthan,09-11-2018 08:30,438
Rajasthan,23-10-2018 08:30,456
Rajasthan,26-11-2018 08:30,406
Rajasthan,19-12-2018 08:30,392
Rajasthan,22-01-2019 08:30,404
Rajasthan,19-02-2019 08:30,442
Rajasthan,13-03-2019 08:30,478
Rajasthan,04-12-2019 08:30,492
Rajasthan,14-05-2019 08:30,532
Rajasthan,19-06-2019 08:30,732
Rajasthan,17-07-2019 08:30,532
Rajasthan,21-08-2019 08:30,318
Rajasthan,24-09-2019 08:30,364
Rajasthan,21-10-2019 08:30,376
Rajasthan,20-11-2019 08:30,384
Rajasthan,18-12-2019 08:30,378
Rajasthan,13-04-2018 08:30,1550
Rajasthan,10-09-2018 08:30,2906
Rajasthan,23-04-2019 08:30,10292
Rajasthan,24-10-2019 08:30,8492
Rajasthan,24-10-2019 08:30,634
Rajasthan,23-04-2019 08:30,35996
Rajasthan,24-10-2019 08:30,26996
Rajasthan,23-04-2019 08:30,18726
Rajasthan,23-04-2018 08:30,1048
Rajasthan,24-10-2018 08:30,1052
Rajasthan,25-04-2019 08:30,1152
Rajasthan,15-10-2019 08:30,1092
Rajasthan,19-04-2018 08:30,2158
Rajasthan,29-10-2018 08:30,2064
Rajasthan,04-10-2019 08:30,5118
Rajasthan,14-10-2019 08:30,1938
Rajasthan,19-04-2018 08:30,1940
Rajasthan,29-10-2018 08:30,2348
Rajasthan,19-04-2018 08:30,5716
Rajasthan,29-10-2018 08:30,5426
Rajasthan,04-10-2019 08:30,3168
Rajasthan,14-10-2019 08:30,4096
Rajasthan,25-04-2018 08:30,1514
Rajasthan,23-10-2018 08:30,1242
Rajasthan,24-04-2019 08:30,1594
Rajasthan,16-10-2019 08:30,1776
Rajasthan,16-04-2018 08:30,2700
Rajasthan,23-10-2018 08:30,1858
Rajasthan,25-04-2019 08:30,1118
Rajasthan,31-10-2019 08:30,2034
Rajasthan,16-04-2018 08:30,1644
Rajasthan,23-10-2018 08:30,1372
Rajasthan,25-04-2019 08:30,1316
Rajasthan,31-10-2019 08:30,1272
Rajasthan,16-04-2018 08:30,700
Rajasthan,23-10-2018 08:30,492
Rajasthan,25-04-2019 08:30,576
Rajasthan,31-10-2019 08:30,468
Rajasthan,16-04-2018 08:30,2018
Rajasthan,23-10-2018 08:30,2224
Rajasthan,25-04-2019 08:30,2206
Rajasthan,31-10-2019 08:30,2406
Rajasthan,16-04-2018 08:30,1810
Rajasthan,23-10-2018 08:30,1176
Rajasthan,31-10-2019 08:30,996
Rajasthan,23-04-2018 08:30,3004
Rajasthan,23-10-2018 08:30,3878
Rajasthan,16-04-2019 08:30,3978
Rajasthan,23-04-2018 08:30,1048
Rajasthan,28-10-2018 08:30,1014
Rajasthan,25-04-2019 08:30,1078
Rajasthan,15-10-2019 08:30,938
Rajasthan,13-04-2018 08:30,7902
Rajasthan,10-12-2018 08:30,5968
Rajasthan,23-04-2019 08:30,8600
Rajasthan,13-04-2018 08:30,7966
Rajasthan,14-10-2018 08:30,8276
Rajasthan,23-04-2019 08:30,8808
Rajasthan,24-10-2019 08:30,8508
Rajasthan,13-04-2018 08:30,10924
Rajasthan,13-10-2018 08:30,11222
Rajasthan,23-04-2019 08:30,10786
Rajasthan,19-04-2018 08:30,11184
Rajasthan,29-10-2018 08:30,10448
Rajasthan,04-10-2019 08:30,10542
Rajasthan,14-10-2019 08:30,11588
Rajasthan,13-04-2018 08:30,6272
Rajasthan,15-10-2018 08:30,3312
Rajasthan,23-04-2019 08:30,5722
Rajasthan,24-10-2019 08:30,3092
Rajasthan,19-04-2018 08:30,11756
Rajasthan,29-10-2018 08:30,11866
Rajasthan,04-10-2019 08:30,10872
Rajasthan,14-10-2019 08:30,10612
Rajasthan,24-04-2018 08:30,2146
Rajasthan,23-10-2018 08:30,348
Rajasthan,04-02-2019 08:30,378
Rajasthan,10-10-2019 08:30,308
Rajasthan,20-04-2018 08:30,8400
Rajasthan,23-10-2018 08:30,2488
Rajasthan,25-12-2019 08:30,2268
Rajasthan,13-04-2018 08:30,4046
Rajasthan,10-11-2018 08:30,3926
Rajasthan,23-04-2019 08:30,7586
Rajasthan,24-10-2019 08:30,3174
Rajasthan,19-04-2018 08:30,13958
Rajasthan,29-10-2018 08:30,14658
Rajasthan,04-10-2019 08:30,15298
Rajasthan,14-10-2019 08:30,12634
Rajasthan,25-04-2018 08:30,1290
Rajasthan,23-10-2018 08:30,1642
Rajasthan,24-04-2019 08:30,1154
Rajasthan,16-10-2019 08:30,1494
Rajasthan,25-04-2018 08:30,520
Rajasthan,23-10-2018 08:30,670
Rajasthan,24-04-2019 08:30,562
Rajasthan,16-10-2019 08:30,632
Rajasthan,25-04-2018 08:30,520
Rajasthan,23-10-2018 08:30,888
Rajasthan,24-04-2019 08:30,522
Rajasthan,16-10-2019 08:30,468
Rajasthan,04-10-2019 08:30,4204
Rajasthan,14-10-2019 08:30,3264
Rajasthan,14-10-2019 08:30,4296
Rajasthan,14-10-2019 08:30,5548
Rajasthan,04-10-2019 08:30,2186
Rajasthan,14-10-2019 08:30,1646
Rajasthan,04-10-2019 08:30,4334
Rajasthan,14-10-2019 08:30,6134
Rajasthan,04-10-2019 08:30,7644
Rajasthan,14-10-2019 08:30,4432
Tamil Nadu,17-10-2019 08:30,1400
Tamil Nadu,17-10-2019 08:30,886
Tamil Nadu,15-10-2019 08:30,1256
Tamil Nadu,16-10-2019 08:30,284
Tamil Nadu,04-10-2018 08:30,862
Tamil Nadu,25-10-2018 08:30,258
Tamil Nadu,24-04-2019 08:30,462
Tamil Nadu,21-10-2019 08:30,502
Tamil Nadu,17-10-2019 08:30,40
Tamil Nadu,05-07-2019 08:30,1204
Tamil Nadu,18-06-2019 08:30,1278
Tamil Nadu,07-10-2019 08:30,1248
Tamil Nadu,13-11-2019 08:30,1638
Tamil Nadu,16-09-2019 08:30,947
Tamil Nadu,14-10-2019 08:30,1208
Tamil Nadu,05-07-2019 08:30,606
Tamil Nadu,18-06-2019 08:30,560
Tamil Nadu,07-10-2019 08:30,612
Tamil Nadu,13-11-2019 08:30,716
Tamil Nadu,14-10-2019 08:30,2196
Tamil Nadu,14-10-2019 08:30,248
Tamil Nadu,17-10-2019 08:30,108
Tamil Nadu,17-10-2019 08:30,122
Tamil Nadu,15-10-2019 08:30,1496
Tamil Nadu,16-09-2019 08:30,644
Tamil Nadu,01-03-2018 08:30,388
Tamil Nadu,09-03-2018 08:30,388
Tamil Nadu,01-07-2019 08:30,382
Tamil Nadu,16-09-2019 08:30,408
Tamil Nadu,01-03-2018 08:30,739
Tamil Nadu,09-03-2018 08:30,676
Tamil Nadu,01-07-2019 08:30,979
Tamil Nadu,16-09-2019 08:30,863
Tamil Nadu,17-10-2019 08:30,280
Tamil Nadu,01-03-2018 08:30,939
Tamil Nadu,09-03-2018 08:30,652
Tamil Nadu,01-07-2019 08:30,883
Tamil Nadu,16-09-2019 08:30,806
Tripura,23-04-2018 08:30,104
Tripura,10-10-2018 08:30,88
Tripura,04-11-2019 08:30,70
Tripura,06-06-2019 08:30,78
Tripura,23-04-2018 08:30,102
Tripura,10-10-2018 08:30,92
Tripura,04-11-2019 08:30,62
Tripura,06-06-2019 08:30,60
Tripura,23-04-2018 08:30,100
Tripura,10-10-2018 08:30,90
Tripura,04-11-2019 08:30,68
Tripura,06-06-2019 08:30,62
Tripura,23-04-2018 08:30,72
Tripura,10-10-2018 08:30,68
Tripura,04-11-2019 08:30,60
Tripura,06-06-2019 08:30,62
Tripura,23-04-2018 08:30,102
Tripura,10-10-2018 08:30,88
Tripura,04-11-2019 08:30,78
Tripura,06-06-2019 08:30,76
Tripura,18-04-2018 08:30,108
Tripura,15-10-2018 08:30,78
Tripura,17-04-2019 08:30,48
Tripura,10-09-2018 08:30,96
Tripura,23-04-2019 08:30,84
Tripura,10-09-2018 08:30,96
Tripura,23-04-2019 08:30,80
Tripura,15-10-2018 08:30,96
Tripura,17-04-2019 08:30,68
Tripura,10-12-2018 08:30,68
Tripura,04-11-2019 08:30,60
Tripura,10-12-2018 08:30,52
Tripura,04-11-2019 08:30,56
Tripura,18-04-2018 08:30,96
Tripura,10-10-2018 08:30,84
Tripura,24-04-2019 08:30,56
Tripura,18-04-2018 08:30,92
Tripura,10-10-2018 08:30,80
Tripura,24-04-2019 08:30,54
Tripura,10-10-2018 08:30,108
Tripura,24-04-2019 08:30,88
Tripura,10-09-2018 08:30,78
Tripura,16-04-2019 08:30,56
Tripura,10-09-2018 08:30,104
Tripura,16-04-2019 08:30,90
Tripura,23-04-2018 08:30,110
Tripura,10-09-2018 08:30,100
Tripura,04-11-2019 08:30,52
Tripura,15-10-2018 08:30,96
Tripura,17-04-2019 08:30,68
Tripura,18-04-2018 08:30,108
Tripura,10-10-2018 08:30,86
Tripura,04-12-2019 08:30,52
Tripura,10-10-2018 08:30,100
Tripura,04-12-2019 08:30,80
Tripura,10-12-2018 08:30,72
Tripura,04-11-2019 08:30,58
Tripura,10-09-2018 08:30,88
Tripura,23-04-2019 08:30,70
Tripura,10-10-2018 08:30,106
Tripura,04-12-2019 08:30,78
Tripura,10-12-2018 08:30,58
Tripura,04-11-2019 08:30,50
Tripura,18-04-2018 08:30,108
Tripura,10-09-2018 08:30,98
Tripura,04-11-2019 08:30,50
Tripura,23-04-2018 08:30,98
Tripura,10-09-2018 08:30,86
Tripura,04-11-2019 08:30,64
Tripura,18-04-2018 08:30,108
Tripura,15-10-2018 08:30,88
Tripura,17-04-2019 08:30,46
Tripura,10-10-2018 08:30,78
Tripura,04-12-2019 08:30,52
Tripura,10-10-2018 08:30,114
Tripura,24-04-2019 08:30,94
Tripura,18-04-2018 08:30,128
Tripura,10-09-2018 08:30,120
Tripura,04-11-2019 08:30,60
Tripura,15-10-2018 08:30,98
Tripura,16-04-2019 08:30,72
Tripura,18-04-2018 08:30,124
Tripura,10-10-2018 08:30,102
Tripura,04-12-2019 08:30,42
Tripura,10-10-2018 08:30,118
Tripura,04-12-2019 08:30,86
Tripura,10-09-2018 08:30,104
Tripura,23-04-2019 08:30,84
Tripura,10-12-2018 08:30,96
Tripura,16-04-2019 08:30,76
Tripura,18-04-2018 08:30,98
Tripura,15-10-2018 08:30,80
Tripura,17-04-2019 08:30,42
Tripura,18-04-2018 08:30,110
Tripura,10-09-2018 08:30,88
Tripura,04-11-2019 08:30,52
Tripura,23-04-2018 08:30,98
Tripura,10-09-2018 08:30,78
Tripura,04-11-2019 08:30,58
Tripura,10-12-2018 08:30,58
Tripura,04-11-2019 08:30,50
Tripura,10-10-2018 08:30,86
Tripura,04-12-2019 08:30,66
Tripura,10-10-2018 08:30,86
Tripura,24-04-2019 08:30,72
Tripura,18-04-2018 08:30,98
Tripura,10-10-2018 08:30,76
Tripura,24-04-2019 08:30,50
Tripura,10-09-2018 08:30,98
Tripura,16-04-2019 08:30,76
Tripura,10-12-2018 08:30,68
Tripura,16-04-2019 08:30,60
Tripura,10-12-2018 08:30,88
Tripura,16-04-2019 08:30,68
Tripura,17-04-2018 08:30,122
Tripura,10-09-2018 08:30,102
Tripura,23-04-2019 08:30,88
Tripura,06-10-2019 08:30,94
Tripura,17-04-2018 08:30,110
Tripura,10-09-2018 08:30,90
Tripura,23-04-2019 08:30,72
Tripura,06-10-2019 08:30,74
Telangana,10-10-2018 08:30,3311
Telangana,17-04-2019 08:30,3105
Telangana,19-10-2019 08:30,2576
Telangana,05-09-2018 08:30,1190
Telangana,10-10-2018 08:30,1170
Telangana,19-10-2019 08:30,1285
Telangana,05-10-2018 08:30,2245
Telangana,10-10-2018 08:30,1825
Telangana,17-04-2019 08:30,1986
Telangana,19-10-2019 08:30,2005
Telangana,05-09-2018 08:30,705
Telangana,10-04-2018 08:30,753
Telangana,18-04-2019 08:30,799
Telangana,10-03-2019 08:30,645
Telangana,05-09-2018 08:30,1152
Telangana,04-01-2019 08:30,712
Telangana,10-09-2019 08:30,850
Telangana,05-10-2018 08:30,1605
Telangana,10-05-2018 08:30,2013
Telangana,04-02-2019 08:30,2112
Telangana,10-01-2019 08:30,1178
Telangana,04-09-2018 08:30,490
Telangana,10-05-2018 08:30,554
Telangana,10-10-2019 08:30,630
Telangana,05-07-2018 08:30,2693
Telangana,10-08-2018 08:30,522
Telangana,04-04-2019 08:30,770
Telangana,10-09-2019 08:30,1023
Telangana,05-10-2018 08:30,1223
Telangana,10-05-2018 08:30,896
Telangana,04-01-2019 08:30,930
Telangana,10-01-2019 08:30,1496
Telangana,04-06-2018 08:30,980
Telangana,10-05-2018 08:30,1124
Telangana,10-06-2019 08:30,1141
Telangana,05-10-2018 08:30,4189
Telangana,10-08-2018 08:30,3472
Telangana,04-04-2019 08:30,3921
Telangana,10-09-2019 08:30,3469
Telangana,04-04-2018 08:30,1020
Telangana,10-10-2018 08:30,1710
Telangana,04-04-2019 08:30,1705
Telangana,17-10-2019 08:30,1509
Telangana,04-10-2018 08:30,640
Telangana,10-06-2018 08:30,726
Telangana,10-11-2019 08:30,784
Telangana,05-07-2018 08:30,987
Telangana,10-05-2018 08:30,820
Telangana,04-01-2019 08:30,1009
Telangana,10-01-2019 08:30,933
Telangana,05-07-2018 08:30,2097
Telangana,10-05-2018 08:30,275
Telangana,04-01-2019 08:30,1209
Telangana,10-01-2019 08:30,366
Telangana,05-09-2018 08:30,2189
Telangana,10-05-2018 08:30,2237
Telangana,04-01-2019 08:30,2562
Telangana,10-01-2019 08:30,1651
Telangana,05-10-2018 08:30,3452
Telangana,10-05-2018 08:30,2747
Telangana,04-01-2019 08:30,1732
Telangana,10-01-2019 08:30,2271
Telangana,05-09-2018 08:30,1534
Telangana,10-05-2018 08:30,1165
Telangana,04-05-2019 08:30,648
Telangana,10-01-2019 08:30,1024
Telangana,05-07-2018 08:30,2186
Telangana,10-05-2018 08:30,1164
Telangana,04-01-2019 08:30,460
Telangana,10-01-2019 08:30,973
Telangana,05-08-2018 08:30,654
Telangana,04-01-2019 08:30,320
Telangana,10-01-2019 08:30,669
Telangana,05-07-2018 08:30,1825
Telangana,10-05-2018 08:30,1570
Telangana,04-01-2019 08:30,774
Telangana,10-01-2019 08:30,1554
Telangana,05-09-2018 08:30,892
Telangana,10-05-2018 08:30,809
Telangana,10-01-2019 08:30,968
Telangana,05-08-2018 08:30,612
Telangana,10-05-2018 08:30,737
Telangana,10-10-2019 08:30,17
Telangana,04-04-2018 08:30,2145
Telangana,10-10-2018 08:30,2178
Telangana,04-04-2019 08:30,1875
Telangana,17-10-2019 08:30,1651
Telangana,04-10-2018 08:30,985
Telangana,10-05-2018 08:30,1068
Telangana,04-01-2019 08:30,1135
Telangana,10-01-2019 08:30,1052
Telangana,04-11-2018 08:30,1732
Telangana,10-08-2018 08:30,1710
Telangana,10-04-2019 08:30,1511
Telangana,04-09-2018 08:30,940
Telangana,10-05-2018 08:30,1210
Telangana,10-10-2019 08:30,1080
Telangana,04-09-2018 08:30,356
Telangana,10-10-2019 08:30,420
Telangana,01-09-2018 08:30,557
Telangana,04-10-2018 08:30,1412
Telangana,10-04-2018 08:30,1554
Telangana,04-02-2019 08:30,932
Telangana,10-03-2019 08:30,298
Uttarakhand,30-04-2019 08:30,1140
Uttarakhand,30-04-2019 08:30,718
Uttarakhand,16-12-2019 08:30,237
Uttarakhand,16-04-2018 08:30,148
Uttarakhand,17-10-2018 08:30,286
Uttarakhand,16-04-2019 08:30,221
Uttarakhand,15-10-2019 08:30,193
Uttarakhand,16-04-2018 08:30,188
Uttarakhand,17-10-2018 08:30,202
Uttarakhand,16-04-2019 08:30,228
Uttarakhand,16-04-2018 08:30,321
Uttarakhand,17-10-2018 08:30,268
Uttarakhand,16-04-2019 08:30,218
Uttarakhand,15-10-2019 08:30,162
Uttarakhand,16-04-2018 08:30,221
Uttarakhand,17-10-2018 08:30,214
Uttarakhand,16-04-2019 08:30,228
Uttarakhand,27-04-2018 08:30,205
Uttarakhand,22-10-2018 08:30,184.4
Uttarakhand,22-04-2019 08:30,192.4
Uttarakhand,17-10-2019 08:30,196
Uttarakhand,27-04-2018 08:30,195
Uttarakhand,22-10-2018 08:30,165
Uttarakhand,22-04-2019 08:30,205
Uttarakhand,17-10-2019 08:30,171
Uttarakhand,30-04-2019 08:30,576
Uttarakhand,16-12-2019 08:30,316
Uttarakhand,30-04-2019 08:30,380
Uttarakhand,16-12-2019 08:30,239
Uttarakhand,27-04-2018 08:30,168
Uttarakhand,22-10-2018 08:30,168.75
Uttarakhand,22-04-2019 08:30,207.8
Uttarakhand,27-04-2018 08:30,285
Uttarakhand,22-04-2019 08:30,230
Uttarakhand,25-04-2018 08:30,110
Uttarakhand,26-10-2018 08:30,121
Uttarakhand,26-04-2019 08:30,115
Uttarakhand,24-12-2019 08:30,115
Uttarakhand,25-04-2018 08:30,114
Uttarakhand,26-10-2018 08:30,126
Uttarakhand,26-04-2019 08:30,120
Uttarakhand,24-12-2019 08:30,120
Uttarakhand,30-04-2019 08:30,288
Uttarakhand,12-12-2019 08:30,293
Uttarakhand,30-04-2019 08:30,648
Uttarakhand,16-12-2019 08:30,270
Uttarakhand,22-10-2018 08:30,268
Uttarakhand,22-04-2019 08:30,329
Uttarakhand,17-10-2019 08:30,348
Uttarakhand,27-04-2018 08:30,168
Uttarakhand,21-10-2018 08:30,296
Uttarakhand,22-04-2019 08:30,309
Uttarakhand,17-10-2019 08:30,210
Uttarakhand,16-04-2018 08:30,161
Uttarakhand,17-10-2018 08:30,182
Uttarakhand,16-04-2019 08:30,182
Uttarakhand,15-10-2019 08:30,156
Uttar Pradesh,26-04-2018 08:30,534
Uttar Pradesh,15-04-2019 08:30,338
Uttar Pradesh,22-10-2019 08:30,342
Uttar Pradesh,04-11-2018 08:30,354
Uttar Pradesh,10-11-2018 08:30,376
Uttar Pradesh,23-04-2019 08:30,347
Uttar Pradesh,23-10-2019 08:30,583
Uttar Pradesh,04-11-2018 08:30,333
Uttar Pradesh,17-10-2018 08:30,347
Uttar Pradesh,23-04-2019 08:30,376
Uttar Pradesh,23-10-2019 08:30,402
Uttar Pradesh,16-04-2018 08:30,1490
Uttar Pradesh,24-04-2019 08:30,296
Uttar Pradesh,18-10-2019 08:30,1214
Uttar Pradesh,25-04-2018 08:30,295
Uttar Pradesh,24-10-2018 08:30,280
Uttar Pradesh,26-04-2019 08:30,285
Uttar Pradesh,23-10-2019 08:30,272
Uttar Pradesh,25-04-2018 08:30,315
Uttar Pradesh,25-10-2018 08:30,294
Uttar Pradesh,25-04-2019 08:30,315
Uttar Pradesh,22-10-2019 08:30,294
Uttar Pradesh,26-04-2018 08:30,376
Uttar Pradesh,15-04-2019 08:30,631
Uttar Pradesh,22-10-2019 08:30,296
Uttar Pradesh,26-04-2018 08:30,326
Uttar Pradesh,15-04-2019 08:30,383
Uttar Pradesh,22-10-2019 08:30,316
Uttar Pradesh,25-04-2018 08:30,284
Uttar Pradesh,24-10-2018 08:30,272
Uttar Pradesh,26-04-2019 08:30,292
Uttar Pradesh,23-10-2019 08:30,278
Uttar Pradesh,18-04-2018 08:30,320
Uttar Pradesh,06-02-2018 08:30,322
Uttar Pradesh,23-10-2018 08:30,340
Uttar Pradesh,23-04-2019 08:30,324
Uttar Pradesh,23-10-2019 08:30,308
Uttar Pradesh,25-04-2018 08:30,318
Uttar Pradesh,25-10-2018 08:30,304
Uttar Pradesh,25-04-2019 08:30,322
Uttar Pradesh,22-10-2019 08:30,282
Uttar Pradesh,17-04-2018 08:30,458
Uttar Pradesh,06-02-2018 08:30,292
Uttar Pradesh,23-10-2018 08:30,454
Uttar Pradesh,23-04-2019 08:30,456
Uttar Pradesh,21-10-2019 08:30,412
Uttar Pradesh,04-12-2018 08:30,378
Uttar Pradesh,06-11-2018 08:30,90
Uttar Pradesh,23-10-2018 08:30,376
Uttar Pradesh,23-04-2019 08:30,376
Uttar Pradesh,19-10-2019 08:30,348
Uttar Pradesh,16-04-2018 08:30,549
Uttar Pradesh,23-10-2018 08:30,208
Uttar Pradesh,24-04-2019 08:30,136
Uttar Pradesh,16-04-2018 08:30,552
Uttar Pradesh,23-10-2018 08:30,201
Uttar Pradesh,24-04-2019 08:30,174
Uttar Pradesh,10-04-2019 08:30,464
Uttar Pradesh,28-04-2018 08:30,456
Uttar Pradesh,10-10-2018 08:30,650
Uttar Pradesh,25-04-2019 08:30,488
Uttar Pradesh,26-11-2019 08:30,510
Uttar Pradesh,04-11-2018 08:30,328
Uttar Pradesh,15-10-2018 08:30,364
Uttar Pradesh,23-04-2019 08:30,314
Uttar Pradesh,23-10-2019 08:30,370
Uttar Pradesh,04-05-2018 08:30,510
Uttar Pradesh,10-03-2018 08:30,688
Uttar Pradesh,04-06-2019 08:30,830
Uttar Pradesh,04-05-2018 08:30,508
Uttar Pradesh,10-03-2018 08:30,488
Uttar Pradesh,04-06-2019 08:30,688
Uttar Pradesh,04-11-2018 08:30,1296
Uttar Pradesh,21-04-2019 08:30,552
Uttar Pradesh,10-10-2019 08:30,545
Uttar Pradesh,16-04-2018 08:30,480
Uttar Pradesh,24-04-2019 08:30,390
Uttar Pradesh,18-10-2019 08:30,573
Uttar Pradesh,28-04-2018 08:30,344
Uttar Pradesh,10-10-2018 08:30,364
Uttar Pradesh,25-04-2019 08:30,354
Uttar Pradesh,26-11-2019 08:30,822
Uttar Pradesh,23-04-2019 08:30,305
Uttar Pradesh,04-10-2018 08:30,492
Uttar Pradesh,10-09-2018 08:30,620
Uttar Pradesh,04-09-2019 08:30,820
Uttar Pradesh,27-11-2019 08:30,346
Uttar Pradesh,16-12-2019 08:30,466
Uttar Pradesh,15-04-2019 08:30,480
Uttar Pradesh,10-12-2019 08:30,461
Uttar Pradesh,04-11-2018 08:30,1084
Uttar Pradesh,21-04-2019 08:30,1330
Uttar Pradesh,29-04-2018 08:30,916
Uttar Pradesh,10-10-2018 08:30,916
Uttar Pradesh,25-04-2019 08:30,902
Uttar Pradesh,26-11-2019 08:30,913
Uttar Pradesh,28-04-2018 08:30,1560
Uttar Pradesh,10-01-2018 08:30,960
Uttar Pradesh,25-04-2019 08:30,1112
Uttar Pradesh,16-04-2018 08:30,536
Uttar Pradesh,24-04-2019 08:30,460
Uttar Pradesh,18-10-2019 08:30,400
Uttar Pradesh,16-04-2018 08:30,954
Uttar Pradesh,24-04-2019 08:30,964
Uttar Pradesh,18-10-2019 08:30,790
Uttar Pradesh,10-10-2019 08:30,566
Uttar Pradesh,10-10-2019 08:30,466
Uttar Pradesh,05-03-2018 08:30,498
Uttar Pradesh,25-04-2019 08:30,228
Uttar Pradesh,30-10-2019 08:30,254
Uttar Pradesh,04-05-2018 08:30,502
Uttar Pradesh,10-04-2018 08:30,608
Uttar Pradesh,04-05-2019 08:30,816
Uttar Pradesh,10-10-2019 08:30,470
West Bengal,18-04-2018 08:30,5004
West Bengal,10-05-2018 08:30,4922
West Bengal,04-08-2019 08:30,5234
West Bengal,23-10-2019 08:30,1230
West Bengal,04-04-2018 08:30,190
West Bengal,10-06-2018 08:30,232
West Bengal,04-04-2019 08:30,304
West Bengal,22-10-2019 08:30,254
West Bengal,19-04-2018 08:30,690
West Bengal,10-11-2018 08:30,338
West Bengal,16-04-2019 08:30,336
West Bengal,25-10-2019 08:30,522
West Bengal,18-04-2018 08:30,588
West Bengal,10-05-2018 08:30,446
West Bengal,04-08-2019 08:30,634
West Bengal,23-10-2019 08:30,552
West Bengal,04-11-2018 08:30,632
West Bengal,10-05-2018 08:30,290
West Bengal,04-04-2019 08:30,264
West Bengal,18-10-2019 08:30,734
West Bengal,17-10-2019 08:30,1304
West Bengal,19-04-2018 08:30,984
West Bengal,10-11-2018 08:30,424
West Bengal,16-04-2019 08:30,510
West Bengal,25-10-2019 08:30,778
West Bengal,04-09-2018 08:30,1020
West Bengal,10-01-2018 08:30,1406
West Bengal,04-04-2019 08:30,1372
West Bengal,18-10-2019 08:30,1056
West Bengal,04-10-2018 08:30,610
West Bengal,10-01-2018 08:30,534
West Bengal,04-05-2019 08:30,634
West Bengal,18-10-2019 08:30,358
West Bengal,04-10-2018 08:30,944
West Bengal,10-01-2018 08:30,1782
West Bengal,04-04-2019 08:30,1608
West Bengal,18-10-2019 08:30,1190
West Bengal,25-04-2018 08:30,614
West Bengal,10-06-2018 08:30,432
West Bengal,04-11-2019 08:30,558
West Bengal,23-10-2019 08:30,512
West Bengal,04-10-2018 08:30,1326
West Bengal,10-03-2018 08:30,1112
West Bengal,04-05-2019 08:30,1430
West Bengal,17-10-2019 08:30,978
West Bengal,04-09-2018 08:30,318
West Bengal,10-04-2018 08:30,346
West Bengal,04-11-2019 08:30,970
West Bengal,18-10-2019 08:30,206
West Bengal,04-05-2018 08:30,670
West Bengal,10-03-2018 08:30,588
West Bengal,04-03-2019 08:30,152
West Bengal,23-10-2019 08:30,344
West Bengal,13-04-2018 08:30,214
West Bengal,30-10-2018 08:30,156
West Bengal,04-02-2019 08:30,218
West Bengal,21-10-2019 08:30,96
West Bengal,04-02-2018 08:30,532
West Bengal,10-11-2018 08:30,688
West Bengal,04-09-2019 08:30,362
West Bengal,22-10-2019 08:30,374
West Bengal,27-04-2018 08:30,380
West Bengal,31-10-2018 08:30,390
West Bengal,30-04-2019 08:30,288
West Bengal,24-10-2019 08:30,216
West Bengal,04-10-2018 08:30,28
West Bengal,26-10-2018 08:30,32
West Bengal,22-04-2019 08:30,23
West Bengal,04-11-2018 08:30,582
West Bengal,10-04-2018 08:30,416
West Bengal,04-11-2019 08:30,580
West Bengal,16-10-2019 08:30,422
West Bengal,04-03-2018 08:30,458
West Bengal,10-01-2018 08:30,502
West Bengal,04-12-2019 08:30,1798
West Bengal,18-10-2019 08:30,592
West Bengal,23-10-2019 08:30,180
West Bengal,23-10-2019 08:30,450
West Bengal,18-10-2019 08:30,382
West Bengal,24-10-2019 08:30,146
West Bengal,31-10-2019 08:30,340
West Bengal,22-10-2019 08:30,656
West Bengal,13-10-2019 08:30,110
West Bengal,23-10-2019 08:30,272
West Bengal,21-10-2019 08:30,168
West Bengal,22-10-2019 08:30,3254
West Bengal,13-10-2019 08:30,110
West Bengal,23-10-2019 08:30,166
West Bengal,23-10-2019 08:30,220
West Bengal,25-10-2019 08:30,128
West Bengal,24-04-2018 08:30,1354
West Bengal,10-09-2018 08:30,1294
West Bengal,04-11-2019 08:30,980
West Bengal,31-10-2019 08:30,1006
West Bengal,19-04-2018 08:30,370
West Bengal,10-01-2018 08:30,318
West Bengal,04-01-2019 08:30,342
West Bengal,23-10-2019 08:30,206
West Bengal,19-04-2018 08:30,616
West Bengal,10-01-2018 08:30,772
West Bengal,04-01-2019 08:30,664
West Bengal,23-10-2019 08:30,774
West Bengal,04-10-2018 08:30,268
West Bengal,10-03-2018 08:30,1278
West Bengal,04-05-2019 08:30,260
West Bengal,17-10-2019 08:30,44
West Bengal,04-10-2018 08:30,384
West Bengal,10-04-2018 08:30,358
West Bengal,04-04-2019 08:30,378
West Bengal,17-10-2019 08:30,350
West Bengal,18-04-2018 08:30,976
West Bengal,10-06-2018 08:30,790
West Bengal,25-04-2019 08:30,736
West Bengal,18-10-2019 08:30,570
West Bengal,04-12-2018 08:30,1262
West Bengal,10-03-2018 08:30,900
West Bengal,04-05-2019 08:30,1032
West Bengal,17-10-2019 08:30,866
West Bengal,13-04-2018 08:30,560
West Bengal,10-05-2018 08:30,238
West Bengal,17-04-2019 08:30,276
West Bengal,23-10-2019 08:30,350
West Bengal,04-10-2018 08:30,774
West Bengal,10-03-2018 08:30,498
West Bengal,04-03-2019 08:30,568
West Bengal,21-10-2019 08:30,558
West Bengal,13-04-2018 08:30,178
West Bengal,10-05-2018 08:30,28
West Bengal,17-04-2019 08:30,80
West Bengal,23-10-2019 08:30,115
West Bengal,26-04-2018 08:30,436
West Bengal,10-10-2018 08:30,416
West Bengal,17-04-2019 08:30,334
West Bengal,21-10-2019 08:30,366
West Bengal,04-10-2018 08:30,312
West Bengal,10-04-2018 08:30,236
West Bengal,04-04-2019 08:30,204
West Bengal,17-10-2019 08:30,248
West Bengal,04-10-2018 08:30,662
West Bengal,10-04-2018 08:30,814
West Bengal,04-04-2019 08:30,1088
West Bengal,17-10-2019 08:30,804
West Bengal,18-04-2018 08:30,806
West Bengal,10-06-2018 08:30,568
West Bengal,24-04-2019 08:30,740
West Bengal,17-10-2019 08:30,512
West Bengal,04-05-2018 08:30,212
West Bengal,10-01-2018 08:30,266
West Bengal,04-02-2019 08:30,238
West Bengal,21-10-2019 08:30,272
West Bengal,04-09-2018 08:30,520
West Bengal,10-01-2018 08:30,924
West Bengal,04-04-2019 08:30,814
West Bengal,18-10-2019 08:30,714
West Bengal,18-04-2018 08:30,1204
West Bengal,10-06-2018 08:30,1142
West Bengal,26-04-2019 08:30,1254
West Bengal,25-10-2019 08:30,1126
West Bengal,04-05-2018 08:30,208
West Bengal,10-01-2018 08:30,206
West Bengal,04-02-2019 08:30,482
West Bengal,24-10-2019 08:30,424
West Bengal,04-10-2018 08:30,1010
West Bengal,10-03-2018 08:30,84
West Bengal,04-05-2019 08:30,198
West Bengal,17-10-2019 08:30,1154
West Bengal,04-11-2018 08:30,702
West Bengal,10-04-2018 08:30,392
West Bengal,04-11-2019 08:30,590
West Bengal,16-10-2019 08:30,452
West Bengal,04-05-2018 08:30,102
West Bengal,10-01-2018 08:30,464
West Bengal,04-02-2019 08:30,596
West Bengal,24-10-2019 08:30,264
West Bengal,04-02-2018 08:30,930
West Bengal,10-11-2018 08:30,722
West Bengal,04-09-2019 08:30,564
West Bengal,31-10-2019 08:30,736
West Bengal,04-02-2018 08:30,184
West Bengal,10-11-2018 08:30,164
West Bengal,04-09-2019 08:30,136
West Bengal,22-10-2019 08:30,152
West Bengal,04-10-2018 08:30,370
West Bengal,10-09-2018 08:30,464
West Bengal,04-03-2019 08:30,424
West Bengal,18-10-2019 08:30,370
West Bengal,04-10-2018 08:30,350
West Bengal,10-03-2018 08:30,382
West Bengal,04-03-2019 08:30,322
West Bengal,17-10-2019 08:30,178
West Bengal,04-11-2018 08:30,614
West Bengal,10-05-2018 08:30,550
West Bengal,04-04-2019 08:30,580
West Bengal,17-10-2019 08:30,448
West Bengal,04-10-2018 08:30,1236
West Bengal,10-03-2018 08:30,1056
West Bengal,04-05-2019 08:30,1444
West Bengal,18-10-2019 08:30,1122
West Bengal,04-11-2018 08:30,4464
West Bengal,10-03-2018 08:30,1178
West Bengal,04-05-2019 08:30,1672
West Bengal,16-10-2019 08:30,788
West Bengal,17-10-2019 08:30,686
West Bengal,04-11-2018 08:30,668
West Bengal,10-03-2018 08:30,438
West Bengal,04-05-2019 08:30,594
West Bengal,22-10-2019 08:30,532
West Bengal,04-11-2018 08:30,314
West Bengal,10-05-2018 08:30,344
West Bengal,04-04-2019 08:30,290
West Bengal,18-10-2019 08:30,204
